车型,编号,配件名称,常改热度,必要性审核,常见规格与尺寸,接口规格,接口通用性,审核备注,配件品牌,配件型号,长度（毫米）,宽度（毫米）,高度（毫米）,内径（毫米）,外径（毫米）,孔距（毫米）,安装孔数量,重量（克）,材质,颜色,配件图片,正视图,侧视图,俯视图,三视图图源,视角/格式/分辨率,尺寸或比例依据(mm),材质/颜色参考,来源授权状态,适配车型说明,安装条件,参考价格,source,sourceUrl,描述
春风 250SR 单摇臂版 2025,1,尾端排气,高,需核实噪声分贝合规,尾段长约300-400mm，接口直径约51mm,卡箍/弹簧接口配原厂中段,同平台部分通用,确认吊架位置，注意噪声法规,火刃（HUOREN）,尾段碳纤维排气,约350-500（以实物为准）,约90-110（以实物为准）,约90-110（以实物为准）,51mm,约60-90（出口管径，以实物为准）,随安装位（以实物为准）,约3-4（法兰螺栓，以实物为准）,约2000-4000（以实物为准）,碳纤维外壳+不锈钢内筒,黑色碳纤维,https://img.alicdn.com/imgextra/i1/2682526870/O1CN01XdjPIk20cVsRAfFrN_!!2682526870.jpg,,,,https://www.rakuten.com.tw/shop/mingguyatw/product/4yzsxssll/（同类参考件）,侧视图，png，800×800,未标注，需按实车估算,黑色碳纤维编织外壳，不锈钢内筒,商品图，版权归商家,未证明适配2025款春风250SR单摇臂版；通用51mm接口，需按实车核对吊架位置与安装孔位,无损安装，直接替换原厂尾段,600,淘宝火刃HUOREN官方店,https://huoren.tmall.com,天蝎碳纤维尾段，轻量化，高亢声浪，保留原厂前段直接安装
春风 250SR 单摇臂版 2025,2,尾端排气,高,需核实噪声分贝合规,尾段长约300-400mm，接口直径约51mm,卡箍/弹簧接口配原厂中段,同平台部分通用,确认吊架位置，注意噪声法规,Yoshimura 吉村,R77 尾段排气,约350-500（以实物为准）,约90-110（以实物为准）,约90-110（以实物为准）,51mm,约60-90（出口管径，以实物为准）,随安装位（以实物为准）,约3-4（法兰螺栓，以实物为准）,约2000-4000（以实物为准）,不锈钢+碳纤维尾端,不锈钢原色/碳纤黑,https://img.alicdn.com/bao/uploaded/i4/2219958837433/O1CN01VzfsEy1if6vLqo1Bf_!!0-item_pic.jpg,,,,https://chinese.alibaba.com/wholesale/yoshimura-r77-pipe.html（同类参考件）,侧视图，png，1000×1000,未标注，需按实车估算,不锈钢筒身，碳纤维尾端盖,商品图，版权归商家,未证明适配2025款春风250SR单摇臂版；通用51mm接口，需按实车核对吊架位置与安装孔位,无损安装，直接替换原厂尾段,"3,200",Yoshimura吉村美国官网,https://www.yoshimura-rd.com,吉村R77尾段，大四角造型，碳纤维/不锈钢可选，直接替换原厂尾段
春风 250SR 单摇臂版 2025,3,尾端排气,高,需核实噪声分贝合规,尾段长约300-400mm，接口直径约51mm,卡箍/弹簧接口配原厂中段,同平台部分通用,确认吊架位置，注意噪声法规,IXIL 亿西尔,OVS6 尾段排气,约350-500（以实物为准）,约90-110（以实物为准）,约90-110（以实物为准）,51mm,约60-90（出口管径，以实物为准）,随安装位（以实物为准）,约3-4（法兰螺栓，以实物为准）,约2000-4000（以实物为准）,不锈钢+钛合金烧蓝尾,银灰+烧蓝,https://img.alicdn.com/imgextra/i4/1044455896/O1CN0135vr8X1tQQBjGEbav_!!1044455896.jpg,,,,https://www.fc-moto.de/（同类参考件）,侧视图，png，810×810,未标注，需按实车估算,不锈钢筒身，六角形截面，钛合金烧蓝尾段,商品图，版权归商家,未证明适配2025款春风250SR单摇臂版；通用51mm接口，需按实车核对吊架位置与安装孔位,无损安装，直接替换原厂尾段,"1,500",IXIL亿西尔官网,https://www.ixil.com,IXIL OVS6尾段，双出设计，低扭提升，带消音塞，保留原厂前段
春风 250SR 单摇臂版 2025,4,尾端排气,高,需核实噪声分贝合规,尾段长约300-400mm，接口直径约51mm,卡箍/弹簧接口配原厂中段,同平台部分通用,确认吊架位置，注意噪声法规,VANHOOL 万虎,钛合金尾段排气,约350-500（以实物为准）,约90-110（以实物为准）,约90-110（以实物为准）,51mm,约60-90（出口管径，以实物为准）,随安装位（以实物为准）,约3-4（法兰螺栓，以实物为准）,约2000-4000（以实物为准）,钛合金,钛合金原色,https://img.alicdn.com/imgextra/i2/2180119250/O1CN012AueNY2ICYeH2hdod_!!2180119250.jpg,,,,https://news.yiche.com/hao/wenzhang/93579383/（同类参考件）,侧视图，png，800×800,未标注，需按实车估算,钛合金原色筒身，碳纤维尾盖,商品图，版权归商家,未证明适配2025款春风250SR单摇臂版；通用51mm接口，需按实车核对吊架位置与安装孔位,无损安装，直接替换原厂尾段,"1,800",天猫万虎VANHOOL官方旗舰店,https://vanhool.tmall.com,万虎钛合金尾段，低沉回压不炸街，轻量化，保留原厂前段直接安装
春风 250SR 单摇臂版 2025,5,尾端排气,高,需核实噪声分贝合规,尾段长约300-400mm，接口直径约51mm,卡箍/弹簧接口配原厂中段,同平台部分通用,确认吊架位置，注意噪声法规,MIVV 恶魔管,Speed Edge 尾段排气,约350-500（以实物为准）,约90-110（以实物为准）,约90-110（以实物为准）,51mm,约60-90（出口管径，以实物为准）,随安装位（以实物为准）,约3-4（法兰螺栓，以实物为准）,约2000-4000（以实物为准）,不锈钢+碳纤维尾盖,黑色/银,https://img.alicdn.com/imgextra/i4/2180119250/O1CN01uk6tLR2ICYdk3YJF6_!!2180119250.jpg,,,,https://www.ebay.com/itm/401625941043（同类参考件）,正/侧斜视图，png，400×300,未标注，需按实车估算,不锈钢筒身，碳纤维尾盖，黑色涂层,商品图，版权归商家,未证明适配2025款春风250SR单摇臂版；通用51mm接口，需按实车核对吊架位置与安装孔位,无损安装，直接替换原厂尾段,"1,200",MIVV官网,https://www.mivv.com,MIVV Speed Edge尾段，菱形尾嘴，运动风格，低扭提升，带消音塞
春风 250SR 单摇臂版 2025,6,尾端排气,高,需核实噪声分贝合规,尾段长约300-400mm，接口直径约51mm,卡箍/弹簧接口配原厂中段,同平台部分通用,确认吊架位置，注意噪声法规,Yoshimura 吉村,R77 大四角尾段,约350-500（以实物为准）,约90-110（以实物为准）,约90-110（以实物为准）,51mm,约60-90（出口管径，以实物为准）,随安装位（以实物为准）,约3-4（法兰螺栓，以实物为准）,约2000-4000（以实物为准）,不锈钢+碳纤维尾端,不锈钢原色,https://gw.alicdn.com/imgextra/i2/1855735753/O1CN01g390UP1sMvKthP3YY_!!1855735753.jpg,,,,https://exp.webike.tw/parts/ca/1000-1001-t006（同类参考件）,侧视图，png，1200×900,未标注，需按实车估算,不锈钢锥形筒身，碳纤维尾端盖,商品图，版权归商家,未证明适配2025款春风250SR单摇臂版；通用51mm接口，需按实车核对吊架位置与安装孔位,无损安装，直接替换原厂尾段,"3,500",Yoshimura吉村美国官网,https://www.yoshimura-rd.com,吉村R77大四角尾段，碳纤维/不锈钢可选，浑厚低音，直接替换原厂尾段
春风 250SR 单摇臂版 2025,7,尾端排气,高,需核实噪声分贝合规,尾段长约300-400mm，接口直径约51mm,卡箍/弹簧接口配原厂中段,同平台部分通用,确认吊架位置，注意噪声法规,Yoshimura 吉村,Alpha 碳纤维尾段,约350-500（以实物为准）,约90-110（以实物为准）,约90-110（以实物为准）,51mm,约60-90（出口管径，以实物为准）,随安装位（以实物为准）,约3-4（法兰螺栓，以实物为准）,约2000-4000（以实物为准）,碳纤维+不锈钢,黑色碳纤维,https://img.alicdn.com/imgextra/i1/2682526870/O1CN01XdjPIk20cVsRAfFrN_!!2682526870.jpg,,,,https://chinese.alibaba.com/g/yoshimura-r77.html（同类参考件）,侧视图，png，1000×1000,未标注，需按实车估算,全黑色碳纤维筒身，不锈钢接口,商品图，版权归商家,未证明适配2025款春风250SR单摇臂版；通用51mm接口，需按实车核对吊架位置与安装孔位,无损安装，直接替换原厂尾段,"3,800",Yoshimura吉村美国官网,https://www.yoshimura-rd.com,吉村Alpha碳纤维尾段，椭圆造型，轻量化，声浪低沉有力，颜值高
春风 250SR 单摇臂版 2025,8,尾端排气,高,需核实噪声分贝合规,尾段长约300-400mm，接口直径约51mm,卡箍/弹簧接口配原厂中段,同平台部分通用,确认吊架位置，注意噪声法规,SC Project,SC Project 三角尾段,310mm,约90-110（以实物为准）,约90-110（以实物为准）,51mm,约60-90（出口管径，以实物为准）,随安装位（以实物为准）,约3-4（法兰螺栓，以实物为准）,1400,不锈钢,银色,https://sc-project.com/wp-content/uploads/2026/07/Banner_Aprilia_Homepage_PC_2240x963_150ppi.png,,,,电商商品图（抖音商城/乐天市场）：通用51mm三角不锈钢尾段（同类参考件）,侧视/斜视，png，1500×1500,310mm总长/175mm筒体/51mm接口（电商图标注，同类参考件）,不锈钢银色，三角截面（同类参考件）,商品图，版权归商家,未证明适配2025款春风250SR单摇臂版。该型号为通用件或其他车型开发，需实车核对接口直径与吊架位置,无损安装，直接替换原厂尾段,"1,000",SC Project官网,https://www.sc-project.com,SC Project三角尾段，独特三角形尾嘴，赛道风格，声浪高亢炸裂
春风 250SR 单摇臂版 2025,9,尾端排气,高,需核实噪声分贝合规,尾段长约300-400mm，接口直径约51mm,卡箍/弹簧接口配原厂中段,同平台部分通用,确认吊架位置，注意噪声法规,ARROW 箭牌,ARROW 箭牌 Indy-Race 尾段,250mm,约90-110（以实物为准）,约90-110（以实物为准）,51,约60-90（出口管径，以实物为准）,随安装位（以实物为准）,约3-4（法兰螺栓，以实物为准）,2000,钛合金外壳+碳纤维尾盖,钛色/碳纤维黑,https://www.arrow.it/img/newSiteImg/ProdAziend01.jpg,,,,RevZilla/eBay商品图：ARROW Indy Race EVO Slip-On（同类参考件）,侧视×2，png，1931×1060与360×360,尾段本体长250mm（ARROW/Omnia Racing产品页），重约2.0kg,钛合金外壳，碳纤维尾盖，不锈钢内管,商品图，版权归商家,未证明适配2025款春风250SR单摇臂版。该型号为通用件或其他车型开发，需实车核对接口直径与吊架位置,无损安装，直接替换原厂尾段,"1,800",ARROW箭牌官网,https://www.arrow.it,意大利ARROW箭牌尾段，不锈钢/黑色可选，自带消音可拆，赛道风格，高亢声浪
春风 250SR 单摇臂版 2025,10,尾端排气,高,需核实噪声分贝合规,尾段长约300-400mm，接口直径约51mm,卡箍/弹簧接口配原厂中段,同平台部分通用,确认吊架位置，注意噪声法规,ARROW 箭牌,Race-Tech 尾段排气,460mm(总)/360mm(壳),100mm,125mm,51,约60-90（出口管径，以实物为准）,随安装位（以实物为准）,约3-4（法兰螺栓，以实物为准）,约2000-4000（以实物为准）,碳纤维外壳（另有钛合金版）,碳纤维黑,https://www.arrow.it/img/newSiteImg/ProdAziend01.jpg,,,,MSS/Accessories International商品图：ARROW Race-Tech Slip-On（同类参考件）,侧视×2，png，1200×1200与360×360,125×100×360/460mm（高×宽×长，Webike产品页）,碳纤维编织外壳，碳纤维尾盖,商品图，版权归商家,未证明适配2025款春风250SR单摇臂版。该型号为通用件或其他车型开发，需实车核对接口直径与吊架位置,无损安装，直接替换原厂尾段,"2,000",ARROW箭牌官网,https://www.arrow.it,ARROW Race-Tech尾段，赛道级设计，铝合金尾嘴，声浪高亢，性能取向
春风 250SR 单摇臂版 2025,11,发动机防摔,高,低风险保护件,防摔球直径约50-80mm+支架,发动机吊耳/车架安装孔位,车型专用不通用,确认不干涉边撑与排气,Evotech Performance,250SR 发动机防摔护罩,约80-120（含支架，以实物为准）,约50-80（球径，以实物为准）,约50-80（球径，以实物为准）,约10-14（穿杆孔径，以实物为准）,50-80,随安装位（以实物为准）,约2（支架安装孔，以实物为准）,约300-800（以实物为准）,玻纤增强尼龙护罩(同类参考),黑,https://img.alicdn.com/imgextra/i3/2208672679844/O1CN01k3XQ5Y1zPzQzQzQz_!!2208672679844.jpg,,,,https://www.gbracing.eu/Catalogue/ENGINE-PROTECTION/RSV4-Engine-Cover-Set-2021-EC-RSV4-2021-SET-GBR （同类参考件）,正视图/JPG/600x600,未标注，需按实车估算,60%玻纤增强尼龙护罩，哑光黑(同类参考件),商品图，版权归商家,未证明适配2025款春风250SR单摇臂版；车型专用件，安装前需核对年份与孔位,需配合车型专用支架，需拆车安装,800,Evotech Performance官网,https://www.evotech-performance.com,英国EP原厂，CNC铝合金，发动机左右全覆盖，摔车保护发动机壳体
春风 250SR 单摇臂版 2025,12,发动机防摔,高,低风险保护件,防摔球直径约50-80mm+支架,发动机吊耳/车架安装孔位,车型专用不通用,确认不干涉边撑与排气,Evotech Performance,车身防摔球,约80-120（含支架，以实物为准）,约50-80（球径，以实物为准）,约50-80（球径，以实物为准）,约10-14（穿杆孔径，以实物为准）,50-80,随安装位（以实物为准）,约2（支架安装孔，以实物为准）,约300-800（以实物为准）,尼龙(工程聚合物)滑块+CNC铝合金支架，不锈钢螺栓,黑(支架喷粉),https://img.alicdn.com/bao/uploaded/i4/2200700040353/O1CN01zbwlsg1ETijZAgqfU_!!0-item_pic.jpg,,,,https://evotech-performance.com/products/evotech-crash-bobbins-yamaha-yzf-r7-2026 （同类参考件）,正视一对/JPG/896x896；侧视特写/JPG/896x750,未标注，需按实车估算(防摔球直径参考Evotech约60mm),CNC铝支架+尼龙滑块，哑光黑,商品图，版权归商家,未证明适配2025款春风250SR单摇臂版；车型专用件，安装前需核对年份与孔位,需配合车型专用支架，需拆车安装,500,Evotech Performance官网,https://www.evotech-performance.com,EP车身防摔球，CNC铝合金，多种颜色可选，安装简单，倒车保护车身和发动机
春风 250SR 单摇臂版 2025,13,发动机防摔,高,低风险保护件,防摔球直径约50-80mm+支架,发动机吊耳/车架安装孔位,车型专用不通用,确认不干涉边撑与排气,Evotech Performance,水箱护网,约80-120（含支架，以实物为准）,约50-80（球径，以实物为准）,约50-80（球径，以实物为准）,约10-14（穿杆孔径，以实物为准）,50-80,随安装位（以实物为准）,约2（支架安装孔，以实物为准）,约300-800（以实物为准）,全铝合金(CNC),黑(喷粉),https://img.alicdn.com/imgextra/i2/2200756612091/O1CN01LRUypr1RJiyuAcsan_!!2200756612091.jpg,,,,https://evotech-performance.com/products/evotech-radiator-guard-cfmoto-450sr-2024 （同类参考件）,正视图/JPG/896x896,未标注，需按实车估算,全铝六角网孔护网，黑色喷粉,商品图，版权归商家,未证明适配2025款春风250SR单摇臂版；车型专用件，安装前需核对年份与孔位,无损安装，固定于水箱两侧,400,Evotech Performance官网,https://www.evotech-performance.com,EP水箱护网，铝合金材质，保护水箱不受飞石撞击，无损安装，提升散热效率
春风 250SR 单摇臂版 2025,14,发动机防摔,高,低风险保护件,防摔球直径约50-80mm+支架,发动机吊耳/车架安装孔位,车型专用不通用,确认不干涉边撑与排气,国产改装（GB Racing款）,GB Racing 发动机左右保护罩套装,约80-120（含支架，以实物为准）,约50-80（球径，以实物为准）,约50-80（球径，以实物为准）,约10-14（穿杆孔径，以实物为准）,50-80,随安装位（以实物为准）,约2（支架安装孔，以实物为准）,约300-800（以实物为准）,60%长玻纤增强尼龙(PA6.6),黑,https://img.alicdn.com/i3/68078097/O1CN01OVniMF29gTeLe0xdY_!!68078097.jpg,,,,https://www.gbracing.eu/Catalogue/ENGINE-PROTECTION/RSV4-Engine-Cover-Set-2021-EC-RSV4-2021-SET-GBR （同类参考件）,正视图/JPG/600x600,未标注，需按实车估算,60%玻纤增强尼龙护罩，哑光黑,商品图，版权归商家,未证明适配2025款春风250SR单摇臂版；车型专用件，安装前需核对年份与孔位,需专业工具，全套更换,350,淘宝GB Racing款发动机保护罩,https://s.taobao.com/search?q=GB+Racing+%E6%98%A5%E9%A3%8E,英国GB Racing发动机保护罩，左右全覆盖，摔车保护发动机壳体，赛道验证，CNC精密加工
春风 250SR 单摇臂版 2025,15,发动机防摔,高,低风险保护件,防摔球直径约50-80mm+支架,发动机吊耳/车架安装孔位,车型专用不通用,确认不干涉边撑与排气,国产改装（GB Racing款）,发动机边盖保护罩（左）,约80-120（含支架，以实物为准）,约50-80（球径，以实物为准）,约50-80（球径，以实物为准）,约10-14（穿杆孔径，以实物为准）,50-80,随安装位（以实物为准）,约2（支架安装孔，以实物为准）,约300-800（以实物为准）,60%长玻纤增强尼龙(PA6.6),黑,https://img.alicdn.com/imgextra/i3/1989356056/O1CN01ySwD0D1ubhbzXcyWg_!!1989356056.jpg,,,,https://www.gbracing.eu/Catalogue/ENGINE-PROTECTION/RSV4-Engine-Cover-Set-2021-EC-RSV4-2021-SET-GBR （同类参考件）,正视图(左侧护罩)/JPG/600x600,未标注，需按实车估算,60%玻纤增强尼龙护罩，哑光黑,商品图，版权归商家,未证明适配2025款春风250SR单摇臂版；车型专用件，安装前需核对年份与孔位,需配合车型专用支架，需拆车安装,180,淘宝GB Racing款发动机保护罩,https://s.taobao.com/search?q=GB+Racing+%E6%98%A5%E9%A3%8E,GB Racing脉冲线圈保护盖，摔车保护脉冲线圈，避免倒车导致电路损坏，赛道验证
春风 250SR 单摇臂版 2025,16,发动机防摔,高,低风险保护件,防摔球直径约50-80mm+支架,发动机吊耳/车架安装孔位,车型专用不通用,确认不干涉边撑与排气,国产改装（GB Racing款）,发动机边盖保护罩（右）,约80-120（含支架，以实物为准）,约50-80（球径，以实物为准）,约50-80（球径，以实物为准）,约10-14（穿杆孔径，以实物为准）,50-80,随安装位（以实物为准）,约2（支架安装孔，以实物为准）,约300-800（以实物为准）,60%长玻纤增强尼龙(PA6.6),黑,https://img.alicdn.com/bao/uploaded/i3/2297654694/O1CN0101drsV1kXtpz72TqS_!!2297654694.jpg,,,,https://www.gbracing.eu/Catalogue/ENGINE-PROTECTION/RSV4-Engine-Cover-Set-2021-EC-RSV4-2021-SET-GBR （同类参考件）,正视图(右侧护罩)/JPG/600x600,未标注，需按实车估算,60%玻纤增强尼龙护罩，哑光黑,商品图，版权归商家,未证明适配2025款春风250SR单摇臂版；车型专用件，安装前需核对年份与孔位,需配合车型专用支架，需拆车安装,180,淘宝GB Racing款发动机保护罩,https://s.taobao.com/search?q=GB+Racing+%E6%98%A5%E9%A3%8E,GB Racing水泵保护盖，摔车保护水泵壳体，避免倒车导致冷却液泄漏，精密加工
春风 250SR 单摇臂版 2025,17,发动机防摔,高,低风险保护件,防摔球直径约50-80mm+支架,发动机吊耳/车架安装孔位,车型专用不通用,确认不干涉边撑与排气,速摩（SUMO）,速摩CNC铝合金车身防摔球,约80-120（含支架，以实物为准）,约50-80（球径，以实物为准）,约50-80（球径，以实物为准）,约10-14（穿杆孔径，以实物为准）,50-80,随安装位（以实物为准）,约2（支架安装孔，以实物为准）,约300-800（以实物为准）,CNC铝合金+尼龙滑块,黑/银,https://img.alicdn.com/imgextra/i3/2208672679844/O1CN01k3XQ5Y1zPzQzQzQz_!!2208672679844.jpg,,,,https://evotech-performance.com/products/evotech-crash-bobbins-yamaha-yzf-r7-2026 （同类参考件）,正视一对/JPG/896x896；侧视特写/JPG/896x750,未标注，需按实车估算,CNC铝支架+尼龙滑块，哑光黑(同类参考件),商品图，版权归商家,未证明适配2025款春风250SR单摇臂版；车型专用件，安装前需核对年份与孔位,需配合车型专用支架，需拆车安装,180,淘宝速摩SUMO改装官方店,https://sumo.tmall.com,速摩CNC铝合金车身防摔球，多种颜色可选，安装简单，倒车保护车身和发动机，性价比高
春风 250SR 单摇臂版 2025,18,发动机防摔,高,低风险保护件,防摔球直径约50-80mm+支架,发动机吊耳/车架安装孔位,车型专用不通用,确认不干涉边撑与排气,速摩（SUMO）,竞技护杠保险杠,约80-120（含支架，以实物为准）,约50-80（球径，以实物为准）,约50-80（球径，以实物为准）,约10-14（穿杆孔径，以实物为准）,50-80,随安装位（以实物为准）,约2（支架安装孔，以实物为准）,约300-800（以实物为准）,碳钢钢管,黑喷塑,https://img.alicdn.com/bao/uploaded/i4/2200700040353/O1CN01zbwlsg1ETijZAgqfU_!!0-item_pic.jpg,,,,https://www.alibaba.com/showroom/cfmoto-crash-guard.html （同类参考件）,正视图/JPG/300x300,未标注，需按实车估算,碳钢钢管护杠，黑色喷塑，配防摔头(同类参考件),商品图，版权归商家,未证明适配2025款春风250SR单摇臂版；车型专用件，安装前需核对年份与孔位,需配合车型专用支架，需拆车安装,260,淘宝速摩SUMO改装官方店,https://sumo.tmall.com,速摩竞技护杠，碳钢材质，无损安装，倒车保护发动机和车身，带防摔头，匹配度高
春风 250SR 单摇臂版 2025,19,发动机防摔,高,低风险保护件,防摔球直径约50-80mm+支架,发动机吊耳/车架安装孔位,车型专用不通用,确认不干涉边撑与排气,速摩（SUMO）,后摇臂防摔球,约80-120（含支架，以实物为准）,约50-80（球径，以实物为准）,约50-80（球径，以实物为准）,约10-14（穿杆孔径，以实物为准）,50-80,随安装位（以实物为准）,约2（支架安装孔，以实物为准）,约300-800（以实物为准）,铝合金/不锈钢中轴+尼龙球头,黑/银,https://img.alicdn.com/imgextra/i2/2200756612091/O1CN01LRUypr1RJiyuAcsan_!!2200756612091.jpg,,,,https://evotech-performance.com/products/evotech-crash-bobbins-yamaha-yzf-r7-2026 （同类参考件）,正视图/JPG/896x896,未标注，需按实车估算,铝/不锈钢中轴+尼龙球头，哑光黑(同类参考件),商品图，版权归商家,未证明适配2025款春风250SR单摇臂版；车型专用件，安装前需核对年份与孔位,需专业截链器安装，需匹配牙盘齿数,120,淘宝速摩SUMO改装官方店,https://sumo.tmall.com,速摩后摇臂防摔球，CNC铝合金，保护后摇臂和链条，倒车防刮蹭，多种颜色可选
春风 250SR 单摇臂版 2025,20,发动机防摔,高,低风险保护件,防摔球直径约50-80mm+支架,发动机吊耳/车架安装孔位,车型专用不通用,确认不干涉边撑与排气,摩多狼（MOTOWOLF）,摩多狼摩托车防摔球保险杠套装,约80-120（含支架，以实物为准）,约50-80（球径，以实物为准）,约50-80（球径，以实物为准）,约10-14（穿杆孔径，以实物为准）,50-80,随安装位（以实物为准）,约2（支架安装孔，以实物为准）,约300-800（以实物为准）,碳钢护杠+尼龙防摔块,黑,https://img.alicdn.com/i3/68078097/O1CN01OVniMF29gTeLe0xdY_!!68078097.jpg,,,,https://www.alibaba.com/showroom/cfmoto-crash-guard.html （同类参考件）,正视图/JPG/300x300,未标注，需按实车估算,碳钢护杠+尼龙防摔块，黑色(同类参考件),商品图，版权归商家,未证明适配2025款春风250SR单摇臂版；车型专用件，安装前需核对年份与孔位,需专业工具，全套更换,120,天猫摩多狼MOTOWOLF官方旗舰店,https://motowolf.tmall.com,摩多狼防摔球+护杠套装，铝合金材质，黑色/红色可选，倒车保护，安装简便，价格亲民
春风 450SR 2025,21,尾端排气,高,需核实噪声分贝合规,尾段长约300-400mm，接口直径约51mm,卡箍/弹簧接口配原厂中段,同平台部分通用,确认吊架位置，注意噪声法规,天蝎,S-CF4SO1-APC Slip-On Line（Carbon）尾段,约350-500（以实物为准）,约90-110（以实物为准）,约90-110（以实物为准）,51,约60-90（出口管径，以实物为准）,随安装位（以实物为准）,约3-4（法兰螺栓，以实物为准）,1440,碳纤维外壳+尾盖，不锈钢内管,碳纤维黑+红标,https://d1sfhav1wboke3.azureedge.net/ImageServer/Apim2Media/Images/22297/be2443ab-b651-4b09-b508-5eabaa27cb47.png,,,,Akrapovič官网产品图：https://www.akrapovic.com/en/moto/product/22297/,斜侧视，png，2362×1769,未标注，需按实车估算（官方未公布外形尺寸）,手工碳纤维外壳与尾盖，竞赛级不锈钢内管/连接管,品牌官网产品图，版权归品牌,未证明适配2025款450SR。官方适配CFMOTO 450SR/450NK 2024款（赛道版，无街道排放认证），2025款接口未官方确认,需配合 ECU 调校，需拆除原厂全段排气,"6,800",Akrapovic天蝎官网,https://www.akrapovic.com/en/moto/products/CFMOTO/450SR-450NK/2024,钛合金全段，带碳纤维尾盖，减重2.3kg，需配合ECU调校
春风 450SR 2025,22,尾端排气,高,需核实噪声分贝合规,尾段长约300-400mm，接口直径约51mm,卡箍/弹簧接口配原厂中段,同平台部分通用,确认吊架位置，注意噪声法规,天蝎,S-CF4SO1-APC 碳纤维尾段,约350-500（以实物为准）,约90-110（以实物为准）,约90-110（以实物为准）,51,约60-90（出口管径，以实物为准）,随安装位（以实物为准）,约3-4（法兰螺栓，以实物为准）,1440,碳纤维外壳+尾盖，不锈钢内管,碳纤维黑+红标,https://d1sfhav1wboke3.azureedge.net/ImageServer/Apim2Media/Images/22297/be2443ab-b651-4b09-b508-5eabaa27cb47.png,,,,Akrapovič官网产品图：https://www.akrapovic.com/en/moto/product/22297/,斜侧视，png，2362×1769,未标注，需按实车估算（官方未公布外形尺寸）,手工碳纤维外壳与尾盖，竞赛级不锈钢内管/连接管,品牌官网产品图，版权归品牌,未证明适配2025款450SR。官方适配CFMOTO 450SR/450NK 2024款（赛道版，无街道排放认证），2025款接口未官方确认,无损安装，直接替换原厂尾段,"5,800",Akrapovic天蝎官网,https://www.akrapovic.com/en/moto/products/CFMOTO/450SR-450NK/2024,天蝎碳纤维尾段，轻量化，高亢声浪，保留原厂前段直接安装
春风 450SR 2025,2,尾端排气,高,需核实噪声分贝合规,尾段长约300-400mm，接口直径约51mm,卡箍/弹簧接口配原厂中段,同平台部分通用,确认吊架位置，注意噪声法规,Yoshimura 吉村,R77 尾段排气,约350-500（以实物为准）,约90-110（以实物为准）,约90-110（以实物为准）,51mm,约60-90（出口管径，以实物为准）,随安装位（以实物为准）,约3-4（法兰螺栓，以实物为准）,约2000-4000（以实物为准）,不锈钢+碳纤维尾端,不锈钢原色/碳纤黑,https://img.alicdn.com/imgextra/i2/2180119250/O1CN012AueNY2ICYeH2hdod_!!2180119250.jpg,,,,https://chinese.alibaba.com/wholesale/yoshimura-r77-pipe.html（同类参考件）,侧视图，png，1000×1000,未标注，需按实车估算,不锈钢筒身，碳纤维尾端盖,商品图，版权归商家,未证明适配2025款450SR；通用51mm接口，需按实车核对吊架位置与安装孔位,无损安装，直接替换原厂尾段,"3,200",Yoshimura吉村美国官网,https://www.yoshimura-rd.com,吉村R77尾段，大四角造型，碳纤维/不锈钢可选，直接替换原厂尾段
春风 450SR 2025,3,尾端排气,高,需核实噪声分贝合规,尾段长约300-400mm，接口直径约51mm,卡箍/弹簧接口配原厂中段,同平台部分通用,确认吊架位置，注意噪声法规,IXIL 亿西尔,OVS6 尾段排气,约350-500（以实物为准）,约90-110（以实物为准）,约90-110（以实物为准）,51mm,约60-90（出口管径，以实物为准）,随安装位（以实物为准）,约3-4（法兰螺栓，以实物为准）,约2000-4000（以实物为准）,不锈钢+钛合金烧蓝尾,银灰+烧蓝,https://img.alicdn.com/imgextra/i4/2180119250/O1CN01uk6tLR2ICYdk3YJF6_!!2180119250.jpg,,,,https://www.fc-moto.de/（同类参考件）,侧视图，png，810×810,未标注，需按实车估算,不锈钢筒身，六角形截面，钛合金烧蓝尾段,商品图，版权归商家,未证明适配2025款450SR；通用51mm接口，需按实车核对吊架位置与安装孔位,无损安装，直接替换原厂尾段,"1,500",IXIL亿西尔官网,https://www.ixil.com,IXIL OVS6尾段，双出设计，低扭提升，带消音塞，保留原厂前段
春风 450SR 2025,4,尾端排气,高,需核实噪声分贝合规,尾段长约300-400mm，接口直径约51mm,卡箍/弹簧接口配原厂中段,同平台部分通用,确认吊架位置，注意噪声法规,VANHOOL 万虎,钛合金尾段排气,约350-500（以实物为准）,约90-110（以实物为准）,约90-110（以实物为准）,51mm,约60-90（出口管径，以实物为准）,随安装位（以实物为准）,约3-4（法兰螺栓，以实物为准）,约2000-4000（以实物为准）,钛合金,钛合金原色,https://gw.alicdn.com/imgextra/i2/1855735753/O1CN01g390UP1sMvKthP3YY_!!1855735753.jpg,,,,https://news.yiche.com/hao/wenzhang/93579383/（同类参考件）,侧视图，png，800×800,未标注，需按实车估算,钛合金原色筒身，碳纤维尾盖,商品图，版权归商家,未证明适配2025款450SR；通用51mm接口，需按实车核对吊架位置与安装孔位,无损安装，直接替换原厂尾段,"1,800",天猫万虎VANHOOL官方旗舰店,https://vanhool.tmall.com,万虎钛合金尾段，低沉回压不炸街，轻量化，保留原厂前段直接安装
春风 450SR 2025,5,尾端排气,高,需核实噪声分贝合规,尾段长约300-400mm，接口直径约51mm,卡箍/弹簧接口配原厂中段,同平台部分通用,确认吊架位置，注意噪声法规,MIVV 恶魔管,Speed Edge 尾段排气,约350-500（以实物为准）,约90-110（以实物为准）,约90-110（以实物为准）,51mm,约60-90（出口管径，以实物为准）,随安装位（以实物为准）,约3-4（法兰螺栓，以实物为准）,约2000-4000（以实物为准）,不锈钢+碳纤维尾盖,黑色/银,https://img.alicdn.com/imgextra/i1/2682526870/O1CN01XdjPIk20cVsRAfFrN_!!2682526870.jpg,,,,https://www.ebay.com/itm/401625941043（同类参考件）,正/侧斜视图，png，400×300,未标注，需按实车估算,不锈钢筒身，碳纤维尾盖，黑色涂层,商品图，版权归商家,未证明适配2025款450SR；通用51mm接口，需按实车核对吊架位置与安装孔位,无损安装，直接替换原厂尾段,"1,200",MIVV官网,https://www.mivv.com,MIVV Speed Edge尾段，菱形尾嘴，运动风格，低扭提升，带消音塞
春风 450SR 2025,6,尾端排气,高,需核实噪声分贝合规,尾段长约300-400mm，接口直径约51mm,卡箍/弹簧接口配原厂中段,同平台部分通用,确认吊架位置，注意噪声法规,Yoshimura 吉村,R77 大四角尾段,约350-500（以实物为准）,约90-110（以实物为准）,约90-110（以实物为准）,51mm,约60-90（出口管径，以实物为准）,随安装位（以实物为准）,约3-4（法兰螺栓，以实物为准）,约2000-4000（以实物为准）,不锈钢+碳纤维尾端,不锈钢原色,https://img.alicdn.com/bao/uploaded/i4/2219958837433/O1CN01VzfsEy1if6vLqo1Bf_!!0-item_pic.jpg,,,,https://exp.webike.tw/parts/ca/1000-1001-t006（同类参考件）,侧视图，png，1200×900,未标注，需按实车估算,不锈钢锥形筒身，碳纤维尾端盖,商品图，版权归商家,未证明适配2025款450SR；通用51mm接口，需按实车核对吊架位置与安装孔位,无损安装，直接替换原厂尾段,"3,500",Yoshimura吉村美国官网,https://www.yoshimura-rd.com,吉村R77大四角尾段，碳纤维/不锈钢可选，浑厚低音，直接替换原厂尾段
春风 450SR 2025,8,尾端排气,高,需核实噪声分贝合规,尾段长约300-400mm，接口直径约51mm,卡箍/弹簧接口配原厂中段,同平台部分通用,确认吊架位置，注意噪声法规,SC Project,SC Project 三角尾段,310mm,约90-110（以实物为准）,约90-110（以实物为准）,51mm,约60-90（出口管径，以实物为准）,随安装位（以实物为准）,约3-4（法兰螺栓，以实物为准）,1400,不锈钢,银色,https://sc-project.com/wp-content/uploads/2026/07/Banner_Aprilia_Homepage_PC_2240x963_150ppi.png,,,,电商商品图（抖音商城/乐天市场）：通用51mm三角不锈钢尾段（同类参考件）,侧视/斜视，png，1500×1500,310mm总长/175mm筒体/51mm接口（电商图标注，同类参考件）,不锈钢银色，三角截面（同类参考件）,商品图，版权归商家,未证明适配2025款450SR。该型号为通用件或其他车型开发，需实车核对接口直径与吊架位置,无损安装，直接替换原厂尾段,"1,000",SC Project官网,https://www.sc-project.com,SC Project三角尾段，独特三角形尾嘴，赛道风格，声浪高亢炸裂
春风 450SR 2025,9,尾端排气,高,需核实噪声分贝合规,尾段长约300-400mm，接口直径约51mm,卡箍/弹簧接口配原厂中段,同平台部分通用,确认吊架位置，注意噪声法规,ARROW 箭牌,ARROW 箭牌 Indy-Race 尾段,250mm,约90-110（以实物为准）,约90-110（以实物为准）,51,约60-90（出口管径，以实物为准）,随安装位（以实物为准）,约3-4（法兰螺栓，以实物为准）,2000,钛合金外壳+碳纤维尾盖,钛色/碳纤维黑,https://www.arrow.it/img/newSiteImg/ProdAziend01.jpg,,,,RevZilla/eBay商品图：ARROW Indy Race EVO Slip-On（同类参考件）,侧视×2，png，1931×1060与360×360,尾段本体长250mm（ARROW/Omnia Racing产品页），重约2.0kg,钛合金外壳，碳纤维尾盖，不锈钢内管,商品图，版权归商家,未证明适配2025款450SR。该型号为通用件或其他车型开发，需实车核对接口直径与吊架位置,无损安装，直接替换原厂尾段,"1,800",ARROW箭牌官网,https://www.arrow.it,意大利ARROW箭牌尾段，不锈钢/黑色可选，自带消音可拆，赛道风格，高亢声浪
春风 450SR 2025,10,尾端排气,高,需核实噪声分贝合规,尾段长约300-400mm，接口直径约51mm,卡箍/弹簧接口配原厂中段,同平台部分通用,确认吊架位置，注意噪声法规,ARROW 箭牌,Race-Tech 尾段排气,460mm(总)/360mm(壳),100mm,125mm,51,约60-90（出口管径，以实物为准）,随安装位（以实物为准）,约3-4（法兰螺栓，以实物为准）,约2000-4000（以实物为准）,碳纤维外壳（另有钛合金版）,碳纤维黑,https://www.arrow.it/img/newSiteImg/ProdAziend01.jpg,,,,MSS/Accessories International商品图：ARROW Race-Tech Slip-On（同类参考件）,侧视×2，png，1200×1200与360×360,125×100×360/460mm（高×宽×长，Webike产品页）,碳纤维编织外壳，碳纤维尾盖,商品图，版权归商家,未证明适配2025款450SR。该型号为通用件或其他车型开发，需实车核对接口直径与吊架位置,无损安装，直接替换原厂尾段,"2,000",ARROW箭牌官网,https://www.arrow.it,ARROW Race-Tech尾段，赛道级设计，铝合金尾嘴，声浪高亢，性能取向
春风 450SR 2025,23,发动机防摔,高,低风险保护件,防摔球直径约50-80mm+支架,发动机吊耳/车架安装孔位,车型专用不通用,确认不干涉边撑与排气,Evotech Performance,450SR 发动机防摔护罩,约80-120（含支架，以实物为准）,约50-80（球径，以实物为准）,约50-80（球径，以实物为准）,约10-14（穿杆孔径，以实物为准）,50-80,随安装位（以实物为准）,约2（支架安装孔，以实物为准）,约300-800（以实物为准）,玻纤增强尼龙护罩(同类参考),黑,https://img.alicdn.com/i3/68078097/O1CN01OVniMF29gTeLe0xdY_!!68078097.jpg,,,,https://www.gbracing.eu/Catalogue/ENGINE-PROTECTION/RSV4-Engine-Cover-Set-2021-EC-RSV4-2021-SET-GBR （同类参考件）,正视图/JPG/600x600,未标注，需按实车估算,60%玻纤增强尼龙护罩，哑光黑(同类参考件),商品图，版权归商家,未证明适配2025款450SR；车型专用件，安装前需核对年份与孔位,需配合车型专用支架，需拆车安装,800,Evotech Performance官网,https://www.evotech-performance.com,英国EP原厂，CNC铝合金，发动机左右全覆盖，摔车保护发动机壳体
春风 450SR 2025,12,发动机防摔,高,低风险保护件,防摔球直径约50-80mm+支架,发动机吊耳/车架安装孔位,车型专用不通用,确认不干涉边撑与排气,Evotech Performance,车身防摔球,约80-120（含支架，以实物为准）,约50-80（球径，以实物为准）,约50-80（球径，以实物为准）,约10-14（穿杆孔径，以实物为准）,50-80,随安装位（以实物为准）,约2（支架安装孔，以实物为准）,约300-800（以实物为准）,尼龙(工程聚合物)滑块+CNC铝合金支架，不锈钢螺栓,黑(支架喷粉),https://img.alicdn.com/imgextra/i3/1989356056/O1CN01ySwD0D1ubhbzXcyWg_!!1989356056.jpg,,,,https://evotech-performance.com/products/evotech-crash-bobbins-yamaha-yzf-r7-2026 （同类参考件）,正视一对/JPG/896x896；侧视特写/JPG/896x750,未标注，需按实车估算(防摔球直径参考Evotech约60mm),CNC铝支架+尼龙滑块，哑光黑,商品图，版权归商家,未证明适配2025款450SR；车型专用件，安装前需核对年份与孔位,需配合车型专用支架，需拆车安装,500,Evotech Performance官网,https://www.evotech-performance.com,EP车身防摔球，CNC铝合金，多种颜色可选，安装简单，倒车保护车身和发动机
春风 450SR 2025,13,发动机防摔,高,低风险保护件,防摔球直径约50-80mm+支架,发动机吊耳/车架安装孔位,车型专用不通用,确认不干涉边撑与排气,Evotech Performance,水箱护网,约80-120（含支架，以实物为准）,约50-80（球径，以实物为准）,约50-80（球径，以实物为准）,约10-14（穿杆孔径，以实物为准）,50-80,随安装位（以实物为准）,约2（支架安装孔，以实物为准）,约300-800（以实物为准）,全铝合金(CNC),黑(喷粉),https://img.alicdn.com/bao/uploaded/i3/2297654694/O1CN0101drsV1kXtpz72TqS_!!2297654694.jpg,,,,https://evotech-performance.com/products/evotech-radiator-guard-cfmoto-450sr-2024 （同类参考件）,正视图/JPG/896x896,未标注，需按实车估算,全铝六角网孔护网，黑色喷粉,商品图，版权归商家,未证明适配2025款450SR；车型专用件，安装前需核对年份与孔位,无损安装，固定于水箱两侧,400,Evotech Performance官网,https://www.evotech-performance.com,EP水箱护网，铝合金材质，保护水箱不受飞石撞击，无损安装，提升散热效率
春风 450SR 2025,14,发动机防摔,高,低风险保护件,防摔球直径约50-80mm+支架,发动机吊耳/车架安装孔位,车型专用不通用,确认不干涉边撑与排气,国产改装（GB Racing款）,GB Racing 发动机左右保护罩套装,约80-120（含支架，以实物为准）,约50-80（球径，以实物为准）,约50-80（球径，以实物为准）,约10-14（穿杆孔径，以实物为准）,50-80,随安装位（以实物为准）,约2（支架安装孔，以实物为准）,约300-800（以实物为准）,60%长玻纤增强尼龙(PA6.6),黑,https://img.alicdn.com/imgextra/i3/2208672679844/O1CN01k3XQ5Y1zPzQzQzQz_!!2208672679844.jpg,,,,https://www.gbracing.eu/Catalogue/ENGINE-PROTECTION/RSV4-Engine-Cover-Set-2021-EC-RSV4-2021-SET-GBR （同类参考件）,正视图/JPG/600x600,未标注，需按实车估算,60%玻纤增强尼龙护罩，哑光黑,商品图，版权归商家,未证明适配2025款450SR；车型专用件，安装前需核对年份与孔位,需专业工具，全套更换,350,淘宝GB Racing款发动机保护罩,https://s.taobao.com/search?q=GB+Racing+%E6%98%A5%E9%A3%8E,英国GB Racing发动机保护罩，左右全覆盖，摔车保护发动机壳体，赛道验证，CNC精密加工
春风 450SR 2025,15,发动机防摔,高,低风险保护件,防摔球直径约50-80mm+支架,发动机吊耳/车架安装孔位,车型专用不通用,确认不干涉边撑与排气,国产改装（GB Racing款）,发动机边盖保护罩（左）,约80-120（含支架，以实物为准）,约50-80（球径，以实物为准）,约50-80（球径，以实物为准）,约10-14（穿杆孔径，以实物为准）,50-80,随安装位（以实物为准）,约2（支架安装孔，以实物为准）,约300-800（以实物为准）,60%长玻纤增强尼龙(PA6.6),黑,https://img.alicdn.com/bao/uploaded/i4/2200700040353/O1CN01zbwlsg1ETijZAgqfU_!!0-item_pic.jpg,,,,https://www.gbracing.eu/Catalogue/ENGINE-PROTECTION/RSV4-Engine-Cover-Set-2021-EC-RSV4-2021-SET-GBR （同类参考件）,正视图(左侧护罩)/JPG/600x600,未标注，需按实车估算,60%玻纤增强尼龙护罩，哑光黑,商品图，版权归商家,未证明适配2025款450SR；车型专用件，安装前需核对年份与孔位,需配合车型专用支架，需拆车安装,180,淘宝GB Racing款发动机保护罩,https://s.taobao.com/search?q=GB+Racing+%E6%98%A5%E9%A3%8E,GB Racing脉冲线圈保护盖，摔车保护脉冲线圈，避免倒车导致电路损坏，赛道验证
春风 450SR 2025,16,发动机防摔,高,低风险保护件,防摔球直径约50-80mm+支架,发动机吊耳/车架安装孔位,车型专用不通用,确认不干涉边撑与排气,国产改装（GB Racing款）,发动机边盖保护罩（右）,约80-120（含支架，以实物为准）,约50-80（球径，以实物为准）,约50-80（球径，以实物为准）,约10-14（穿杆孔径，以实物为准）,50-80,随安装位（以实物为准）,约2（支架安装孔，以实物为准）,约300-800（以实物为准）,60%长玻纤增强尼龙(PA6.6),黑,https://img.alicdn.com/imgextra/i2/2200756612091/O1CN01LRUypr1RJiyuAcsan_!!2200756612091.jpg,,,,https://www.gbracing.eu/Catalogue/ENGINE-PROTECTION/RSV4-Engine-Cover-Set-2021-EC-RSV4-2021-SET-GBR （同类参考件）,正视图(右侧护罩)/JPG/600x600,未标注，需按实车估算,60%玻纤增强尼龙护罩，哑光黑,商品图，版权归商家,未证明适配2025款450SR；车型专用件，安装前需核对年份与孔位,需配合车型专用支架，需拆车安装,180,淘宝GB Racing款发动机保护罩,https://s.taobao.com/search?q=GB+Racing+%E6%98%A5%E9%A3%8E,GB Racing水泵保护盖，摔车保护水泵壳体，避免倒车导致冷却液泄漏，精密加工
春风 450SR 2025,17,发动机防摔,高,低风险保护件,防摔球直径约50-80mm+支架,发动机吊耳/车架安装孔位,车型专用不通用,确认不干涉边撑与排气,速摩（SUMO）,速摩CNC铝合金车身防摔球,约80-120（含支架，以实物为准）,约50-80（球径，以实物为准）,约50-80（球径，以实物为准）,约10-14（穿杆孔径，以实物为准）,50-80,随安装位（以实物为准）,约2（支架安装孔，以实物为准）,约300-800（以实物为准）,CNC铝合金+尼龙滑块,黑/银,https://img.alicdn.com/i3/68078097/O1CN01OVniMF29gTeLe0xdY_!!68078097.jpg,,,,https://evotech-performance.com/products/evotech-crash-bobbins-yamaha-yzf-r7-2026 （同类参考件）,正视一对/JPG/896x896；侧视特写/JPG/896x750,未标注，需按实车估算,CNC铝支架+尼龙滑块，哑光黑(同类参考件),商品图，版权归商家,未证明适配2025款450SR；车型专用件，安装前需核对年份与孔位,需配合车型专用支架，需拆车安装,206,淘宝速摩SUMO改装官方店,https://sumo.tmall.com,速摩CNC铝合金车身防摔球，多种颜色可选，安装简单，倒车保护车身和发动机，性价比高
春风 450SR 2025,18,发动机防摔,高,低风险保护件,防摔球直径约50-80mm+支架,发动机吊耳/车架安装孔位,车型专用不通用,确认不干涉边撑与排气,速摩（SUMO）,竞技护杠保险杠,约80-120（含支架，以实物为准）,约50-80（球径，以实物为准）,约50-80（球径，以实物为准）,约10-14（穿杆孔径，以实物为准）,50-80,随安装位（以实物为准）,约2（支架安装孔，以实物为准）,约300-800（以实物为准）,碳钢钢管,黑喷塑,https://img.alicdn.com/imgextra/i3/1989356056/O1CN01ySwD0D1ubhbzXcyWg_!!1989356056.jpg,,,,https://www.alibaba.com/showroom/cfmoto-crash-guard.html （同类参考件）,正视图/JPG/300x300,未标注，需按实车估算,碳钢钢管护杠，黑色喷塑，配防摔头(同类参考件),商品图，版权归商家,未证明适配2025款450SR；车型专用件，安装前需核对年份与孔位,需配合车型专用支架，需拆车安装,299,淘宝速摩SUMO改装官方店,https://sumo.tmall.com,速摩竞技护杠，碳钢材质，无损安装，倒车保护发动机和车身，带防摔头，匹配度高
春风 450SR 2025,19,发动机防摔,高,低风险保护件,防摔球直径约50-80mm+支架,发动机吊耳/车架安装孔位,车型专用不通用,确认不干涉边撑与排气,速摩（SUMO）,后摇臂防摔球,约80-120（含支架，以实物为准）,约50-80（球径，以实物为准）,约50-80（球径，以实物为准）,约10-14（穿杆孔径，以实物为准）,50-80,随安装位（以实物为准）,约2（支架安装孔，以实物为准）,约300-800（以实物为准）,铝合金/不锈钢中轴+尼龙球头,黑/银,https://img.alicdn.com/bao/uploaded/i3/2297654694/O1CN0101drsV1kXtpz72TqS_!!2297654694.jpg,,,,https://evotech-performance.com/products/evotech-crash-bobbins-yamaha-yzf-r7-2026 （同类参考件）,正视图/JPG/896x896,未标注，需按实车估算,铝/不锈钢中轴+尼龙球头，哑光黑(同类参考件),商品图，版权归商家,未证明适配2025款450SR；车型专用件，安装前需核对年份与孔位,需专业截链器安装，需匹配牙盘齿数,138,淘宝速摩SUMO改装官方店,https://sumo.tmall.com,速摩后摇臂防摔球，CNC铝合金，保护后摇臂和链条，倒车防刮蹭，多种颜色可选
春风 450SR 2025,20,发动机防摔,高,低风险保护件,防摔球直径约50-80mm+支架,发动机吊耳/车架安装孔位,车型专用不通用,确认不干涉边撑与排气,摩多狼（MOTOWOLF）,摩多狼摩托车防摔球保险杠套装,约80-120（含支架，以实物为准）,约50-80（球径，以实物为准）,约50-80（球径，以实物为准）,约10-14（穿杆孔径，以实物为准）,50-80,随安装位（以实物为准）,约2（支架安装孔，以实物为准）,约300-800（以实物为准）,碳钢护杠+尼龙防摔块,黑,https://img.alicdn.com/imgextra/i3/2208672679844/O1CN01k3XQ5Y1zPzQzQzQz_!!2208672679844.jpg,,,,https://www.alibaba.com/showroom/cfmoto-crash-guard.html （同类参考件）,正视图/JPG/300x300,未标注，需按实车估算,碳钢护杠+尼龙防摔块，黑色(同类参考件),商品图，版权归商家,未证明适配2025款450SR；车型专用件，安装前需核对年份与孔位,需专业工具，全套更换,138,天猫摩多狼MOTOWOLF官方旗舰店,https://motowolf.tmall.com,摩多狼防摔球+护杠套装，铝合金材质，黑色/红色可选，倒车保护，安装简便，价格亲民
春风 675SR-R 2024,1,尾端排气,高,需核实噪声分贝合规,尾段长约300-400mm，接口直径约51mm,卡箍/弹簧接口配原厂中段,同平台部分通用,确认吊架位置，注意噪声法规,火刃（HUOREN）,尾段碳纤维排气,约350-500（以实物为准）,约90-110（以实物为准）,约90-110（以实物为准）,51mm,约60-90（出口管径，以实物为准）,随安装位（以实物为准）,约3-4（法兰螺栓，以实物为准）,约2000-4000（以实物为准）,碳纤维外壳+不锈钢内筒,黑色碳纤维,https://img.alicdn.com/imgextra/i4/2180119250/O1CN01uk6tLR2ICYdk3YJF6_!!2180119250.jpg,,,,https://www.rakuten.com.tw/shop/mingguyatw/product/4yzsxssll/（同类参考件）,侧视图，png，800×800,未标注，需按实车估算,黑色碳纤维编织外壳，不锈钢内筒,商品图，版权归商家,未证明适配2024款675SR-R；通用51mm接口，需按实车核对吊架位置与安装孔位,无损安装，直接替换原厂尾段,600,淘宝火刃HUOREN官方店,https://huoren.tmall.com,天蝎碳纤维尾段，轻量化，高亢声浪，保留原厂前段直接安装
春风 675SR-R 2024,2,尾端排气,高,需核实噪声分贝合规,尾段长约300-400mm，接口直径约51mm,卡箍/弹簧接口配原厂中段,同平台部分通用,确认吊架位置，注意噪声法规,Yoshimura 吉村,R77 尾段排气,约350-500（以实物为准）,约90-110（以实物为准）,约90-110（以实物为准）,51mm,约60-90（出口管径，以实物为准）,随安装位（以实物为准）,约3-4（法兰螺栓，以实物为准）,约2000-4000（以实物为准）,不锈钢+碳纤维尾端,不锈钢原色/碳纤黑,https://gw.alicdn.com/imgextra/i2/1855735753/O1CN01g390UP1sMvKthP3YY_!!1855735753.jpg,,,,https://chinese.alibaba.com/wholesale/yoshimura-r77-pipe.html（同类参考件）,侧视图，png，1000×1000,未标注，需按实车估算,不锈钢筒身，碳纤维尾端盖,商品图，版权归商家,未证明适配2024款675SR-R；通用51mm接口，需按实车核对吊架位置与安装孔位,无损安装，直接替换原厂尾段,"3,200",Yoshimura吉村美国官网,https://www.yoshimura-rd.com,吉村R77尾段，大四角造型，碳纤维/不锈钢可选，直接替换原厂尾段
春风 675SR-R 2024,3,尾端排气,高,需核实噪声分贝合规,尾段长约300-400mm，接口直径约51mm,卡箍/弹簧接口配原厂中段,同平台部分通用,确认吊架位置，注意噪声法规,IXIL 亿西尔,OVS6 尾段排气,约350-500（以实物为准）,约90-110（以实物为准）,约90-110（以实物为准）,51mm,约60-90（出口管径，以实物为准）,随安装位（以实物为准）,约3-4（法兰螺栓，以实物为准）,约2000-4000（以实物为准）,不锈钢+钛合金烧蓝尾,银灰+烧蓝,https://img.alicdn.com/imgextra/i1/2682526870/O1CN01XdjPIk20cVsRAfFrN_!!2682526870.jpg,,,,https://www.fc-moto.de/（同类参考件）,侧视图，png，810×810,未标注，需按实车估算,不锈钢筒身，六角形截面，钛合金烧蓝尾段,商品图，版权归商家,未证明适配2024款675SR-R；通用51mm接口，需按实车核对吊架位置与安装孔位,无损安装，直接替换原厂尾段,"1,500",IXIL亿西尔官网,https://www.ixil.com,IXIL OVS6尾段，双出设计，低扭提升，带消音塞，保留原厂前段
春风 675SR-R 2024,4,尾端排气,高,需核实噪声分贝合规,尾段长约300-400mm，接口直径约51mm,卡箍/弹簧接口配原厂中段,同平台部分通用,确认吊架位置，注意噪声法规,VANHOOL 万虎,钛合金尾段排气,约350-500（以实物为准）,约90-110（以实物为准）,约90-110（以实物为准）,51mm,约60-90（出口管径，以实物为准）,随安装位（以实物为准）,约3-4（法兰螺栓，以实物为准）,约2000-4000（以实物为准）,钛合金,钛合金原色,https://img.alicdn.com/bao/uploaded/i4/2219958837433/O1CN01VzfsEy1if6vLqo1Bf_!!0-item_pic.jpg,,,,https://news.yiche.com/hao/wenzhang/93579383/（同类参考件）,侧视图，png，800×800,未标注，需按实车估算,钛合金原色筒身，碳纤维尾盖,商品图，版权归商家,未证明适配2024款675SR-R；通用51mm接口，需按实车核对吊架位置与安装孔位,无损安装，直接替换原厂尾段,"1,800",天猫万虎VANHOOL官方旗舰店,https://vanhool.tmall.com,万虎钛合金尾段，低沉回压不炸街，轻量化，保留原厂前段直接安装
春风 675SR-R 2024,5,尾端排气,高,需核实噪声分贝合规,尾段长约300-400mm，接口直径约51mm,卡箍/弹簧接口配原厂中段,同平台部分通用,确认吊架位置，注意噪声法规,MIVV 恶魔管,Speed Edge 尾段排气,约350-500（以实物为准）,约90-110（以实物为准）,约90-110（以实物为准）,51mm,约60-90（出口管径，以实物为准）,随安装位（以实物为准）,约3-4（法兰螺栓，以实物为准）,约2000-4000（以实物为准）,不锈钢+碳纤维尾盖,黑色/银,https://img.alicdn.com/imgextra/i4/1044455896/O1CN0135vr8X1tQQBjGEbav_!!1044455896.jpg,,,,https://www.ebay.com/itm/401625941043（同类参考件）,正/侧斜视图，png，400×300,未标注，需按实车估算,不锈钢筒身，碳纤维尾盖，黑色涂层,商品图，版权归商家,未证明适配2024款675SR-R；通用51mm接口，需按实车核对吊架位置与安装孔位,无损安装，直接替换原厂尾段,"1,200",MIVV官网,https://www.mivv.com,MIVV Speed Edge尾段，菱形尾嘴，运动风格，低扭提升，带消音塞
春风 675SR-R 2024,6,尾端排气,高,需核实噪声分贝合规,尾段长约300-400mm，接口直径约51mm,卡箍/弹簧接口配原厂中段,同平台部分通用,确认吊架位置，注意噪声法规,Yoshimura 吉村,R77 大四角尾段,约350-500（以实物为准）,约90-110（以实物为准）,约90-110（以实物为准）,51mm,约60-90（出口管径，以实物为准）,随安装位（以实物为准）,约3-4（法兰螺栓，以实物为准）,约2000-4000（以实物为准）,不锈钢+碳纤维尾端,不锈钢原色,https://img.alicdn.com/imgextra/i2/2180119250/O1CN012AueNY2ICYeH2hdod_!!2180119250.jpg,,,,https://exp.webike.tw/parts/ca/1000-1001-t006（同类参考件）,侧视图，png，1200×900,未标注，需按实车估算,不锈钢锥形筒身，碳纤维尾端盖,商品图，版权归商家,未证明适配2024款675SR-R；通用51mm接口，需按实车核对吊架位置与安装孔位,无损安装，直接替换原厂尾段,"3,500",Yoshimura吉村美国官网,https://www.yoshimura-rd.com,吉村R77大四角尾段，碳纤维/不锈钢可选，浑厚低音，直接替换原厂尾段
春风 675SR-R 2024,7,尾端排气,高,需核实噪声分贝合规,尾段长约300-400mm，接口直径约51mm,卡箍/弹簧接口配原厂中段,同平台部分通用,确认吊架位置，注意噪声法规,Yoshimura 吉村,Alpha 碳纤维尾段,约350-500（以实物为准）,约90-110（以实物为准）,约90-110（以实物为准）,51mm,约60-90（出口管径，以实物为准）,随安装位（以实物为准）,约3-4（法兰螺栓，以实物为准）,约2000-4000（以实物为准）,碳纤维+不锈钢,黑色碳纤维,https://img.alicdn.com/imgextra/i4/2180119250/O1CN01uk6tLR2ICYdk3YJF6_!!2180119250.jpg,,,,https://chinese.alibaba.com/g/yoshimura-r77.html（同类参考件）,侧视图，png，1000×1000,未标注，需按实车估算,全黑色碳纤维筒身，不锈钢接口,商品图，版权归商家,未证明适配2024款675SR-R；通用51mm接口，需按实车核对吊架位置与安装孔位,无损安装，直接替换原厂尾段,"3,800",Yoshimura吉村美国官网,https://www.yoshimura-rd.com,吉村Alpha碳纤维尾段，椭圆造型，轻量化，声浪低沉有力，颜值高
春风 675SR-R 2024,8,尾端排气,高,需核实噪声分贝合规,尾段长约300-400mm，接口直径约51mm,卡箍/弹簧接口配原厂中段,同平台部分通用,确认吊架位置，注意噪声法规,SC Project,SC Project 三角尾段,310mm,约90-110（以实物为准）,约90-110（以实物为准）,51mm,约60-90（出口管径，以实物为准）,随安装位（以实物为准）,约3-4（法兰螺栓，以实物为准）,1400,不锈钢,银色,https://sc-project.com/wp-content/uploads/2026/07/Banner_Aprilia_Homepage_PC_2240x963_150ppi.png,,,,电商商品图（抖音商城/乐天市场）：通用51mm三角不锈钢尾段（同类参考件）,侧视/斜视，png，1500×1500,310mm总长/175mm筒体/51mm接口（电商图标注，同类参考件）,不锈钢银色，三角截面（同类参考件）,商品图，版权归商家,未证明适配2024款675SR-R。该型号为通用件或其他车型开发，需实车核对接口直径与吊架位置,无损安装，直接替换原厂尾段,"1,000",SC Project官网,https://www.sc-project.com,SC Project三角尾段，独特三角形尾嘴，赛道风格，声浪高亢炸裂
春风 675SR-R 2024,9,尾端排气,高,需核实噪声分贝合规,尾段长约300-400mm，接口直径约51mm,卡箍/弹簧接口配原厂中段,同平台部分通用,确认吊架位置，注意噪声法规,ARROW 箭牌,ARROW 箭牌 Indy-Race 尾段,250mm,约90-110（以实物为准）,约90-110（以实物为准）,51,约60-90（出口管径，以实物为准）,随安装位（以实物为准）,约3-4（法兰螺栓，以实物为准）,2000,钛合金外壳+碳纤维尾盖,钛色/碳纤维黑,https://www.arrow.it/img/newSiteImg/ProdAziend01.jpg,,,,RevZilla/eBay商品图：ARROW Indy Race EVO Slip-On（同类参考件）,侧视×2，png，1931×1060与360×360,尾段本体长250mm（ARROW/Omnia Racing产品页），重约2.0kg,钛合金外壳，碳纤维尾盖，不锈钢内管,商品图，版权归商家,未证明适配2024款675SR-R。该型号为通用件或其他车型开发，需实车核对接口直径与吊架位置,无损安装，直接替换原厂尾段,"1,800",ARROW箭牌官网,https://www.arrow.it,意大利ARROW箭牌尾段，不锈钢/黑色可选，自带消音可拆，赛道风格，高亢声浪
春风 675SR-R 2024,10,尾端排气,高,需核实噪声分贝合规,尾段长约300-400mm，接口直径约51mm,卡箍/弹簧接口配原厂中段,同平台部分通用,确认吊架位置，注意噪声法规,ARROW 箭牌,Race-Tech 尾段排气,460mm(总)/360mm(壳),100mm,125mm,51,约60-90（出口管径，以实物为准）,随安装位（以实物为准）,约3-4（法兰螺栓，以实物为准）,约2000-4000（以实物为准）,碳纤维外壳（另有钛合金版）,碳纤维黑,https://www.arrow.it/img/newSiteImg/ProdAziend01.jpg,,,,MSS/Accessories International商品图：ARROW Race-Tech Slip-On（同类参考件）,侧视×2，png，1200×1200与360×360,125×100×360/460mm（高×宽×长，Webike产品页）,碳纤维编织外壳，碳纤维尾盖,商品图，版权归商家,未证明适配2024款675SR-R。该型号为通用件或其他车型开发，需实车核对接口直径与吊架位置,无损安装，直接替换原厂尾段,"2,000",ARROW箭牌官网,https://www.arrow.it,ARROW Race-Tech尾段，赛道级设计，铝合金尾嘴，声浪高亢，性能取向
春风 675SR-R 2024,24,发动机防摔,高,低风险保护件,防摔球直径约50-80mm+支架,发动机吊耳/车架安装孔位,车型专用不通用,确认不干涉边撑与排气,Evotech Performance,675SR-R 发动机防摔护罩,约80-120（含支架，以实物为准）,约50-80（球径，以实物为准）,约50-80（球径，以实物为准）,约10-14（穿杆孔径，以实物为准）,50-80,随安装位（以实物为准）,约2（支架安装孔，以实物为准）,约300-800（以实物为准）,玻纤增强尼龙护罩(同类参考),黑,https://img.alicdn.com/imgextra/i3/2208672679844/O1CN01k3XQ5Y1zPzQzQzQz_!!2208672679844.jpg,,,,https://www.gbracing.eu/Catalogue/ENGINE-PROTECTION/RSV4-Engine-Cover-Set-2021-EC-RSV4-2021-SET-GBR （同类参考件）,正视图/JPG/600x600,未标注，需按实车估算,60%玻纤增强尼龙护罩，哑光黑(同类参考件),商品图，版权归商家,未证明适配2024款675SR-R；车型专用件，安装前需核对年份与孔位,需配合车型专用支架，需拆车安装,800,Evotech Performance官网,https://www.evotech-performance.com,英国EP原厂，CNC铝合金，发动机左右全覆盖，摔车保护发动机壳体
春风 675SR-R 2024,12,发动机防摔,高,低风险保护件,防摔球直径约50-80mm+支架,发动机吊耳/车架安装孔位,车型专用不通用,确认不干涉边撑与排气,Evotech Performance,车身防摔球,约80-120（含支架，以实物为准）,约50-80（球径，以实物为准）,约50-80（球径，以实物为准）,约10-14（穿杆孔径，以实物为准）,50-80,随安装位（以实物为准）,约2（支架安装孔，以实物为准）,约300-800（以实物为准）,尼龙(工程聚合物)滑块+CNC铝合金支架，不锈钢螺栓,黑(支架喷粉),https://img.alicdn.com/bao/uploaded/i4/2200700040353/O1CN01zbwlsg1ETijZAgqfU_!!0-item_pic.jpg,,,,https://evotech-performance.com/products/evotech-crash-bobbins-yamaha-yzf-r7-2026 （同类参考件）,正视一对/JPG/896x896；侧视特写/JPG/896x750,未标注，需按实车估算(防摔球直径参考Evotech约60mm),CNC铝支架+尼龙滑块，哑光黑,商品图，版权归商家,未证明适配2024款675SR-R；车型专用件，安装前需核对年份与孔位,需配合车型专用支架，需拆车安装,500,Evotech Performance官网,https://www.evotech-performance.com,EP车身防摔球，CNC铝合金，多种颜色可选，安装简单，倒车保护车身和发动机
春风 675SR-R 2024,13,发动机防摔,高,低风险保护件,防摔球直径约50-80mm+支架,发动机吊耳/车架安装孔位,车型专用不通用,确认不干涉边撑与排气,Evotech Performance,水箱护网,约80-120（含支架，以实物为准）,约50-80（球径，以实物为准）,约50-80（球径，以实物为准）,约10-14（穿杆孔径，以实物为准）,50-80,随安装位（以实物为准）,约2（支架安装孔，以实物为准）,约300-800（以实物为准）,全铝合金(CNC),黑(喷粉),https://img.alicdn.com/imgextra/i2/2200756612091/O1CN01LRUypr1RJiyuAcsan_!!2200756612091.jpg,,,,https://evotech-performance.com/products/evotech-radiator-guard-cfmoto-450sr-2024 （同类参考件）,正视图/JPG/896x896,未标注，需按实车估算,全铝六角网孔护网，黑色喷粉,商品图，版权归商家,未证明适配2024款675SR-R；车型专用件，安装前需核对年份与孔位,无损安装，固定于水箱两侧,400,Evotech Performance官网,https://www.evotech-performance.com,EP水箱护网，铝合金材质，保护水箱不受飞石撞击，无损安装，提升散热效率
春风 675SR-R 2024,14,发动机防摔,高,低风险保护件,防摔球直径约50-80mm+支架,发动机吊耳/车架安装孔位,车型专用不通用,确认不干涉边撑与排气,国产改装（GB Racing款）,GB Racing 发动机左右保护罩套装,约80-120（含支架，以实物为准）,约50-80（球径，以实物为准）,约50-80（球径，以实物为准）,约10-14（穿杆孔径，以实物为准）,50-80,随安装位（以实物为准）,约2（支架安装孔，以实物为准）,约300-800（以实物为准）,60%长玻纤增强尼龙(PA6.6),黑,https://img.alicdn.com/i3/68078097/O1CN01OVniMF29gTeLe0xdY_!!68078097.jpg,,,,https://www.gbracing.eu/Catalogue/ENGINE-PROTECTION/RSV4-Engine-Cover-Set-2021-EC-RSV4-2021-SET-GBR （同类参考件）,正视图/JPG/600x600,未标注，需按实车估算,60%玻纤增强尼龙护罩，哑光黑,商品图，版权归商家,未证明适配2024款675SR-R；车型专用件，安装前需核对年份与孔位,需专业工具，全套更换,350,淘宝GB Racing款发动机保护罩,https://s.taobao.com/search?q=GB+Racing+%E6%98%A5%E9%A3%8E,英国GB Racing发动机保护罩，左右全覆盖，摔车保护发动机壳体，赛道验证，CNC精密加工
春风 675SR-R 2024,15,发动机防摔,高,低风险保护件,防摔球直径约50-80mm+支架,发动机吊耳/车架安装孔位,车型专用不通用,确认不干涉边撑与排气,国产改装（GB Racing款）,发动机边盖保护罩（左）,约80-120（含支架，以实物为准）,约50-80（球径，以实物为准）,约50-80（球径，以实物为准）,约10-14（穿杆孔径，以实物为准）,50-80,随安装位（以实物为准）,约2（支架安装孔，以实物为准）,约300-800（以实物为准）,60%长玻纤增强尼龙(PA6.6),黑,https://img.alicdn.com/imgextra/i3/1989356056/O1CN01ySwD0D1ubhbzXcyWg_!!1989356056.jpg,,,,https://www.gbracing.eu/Catalogue/ENGINE-PROTECTION/RSV4-Engine-Cover-Set-2021-EC-RSV4-2021-SET-GBR （同类参考件）,正视图(左侧护罩)/JPG/600x600,未标注，需按实车估算,60%玻纤增强尼龙护罩，哑光黑,商品图，版权归商家,未证明适配2024款675SR-R；车型专用件，安装前需核对年份与孔位,需配合车型专用支架，需拆车安装,180,淘宝GB Racing款发动机保护罩,https://s.taobao.com/search?q=GB+Racing+%E6%98%A5%E9%A3%8E,GB Racing脉冲线圈保护盖，摔车保护脉冲线圈，避免倒车导致电路损坏，赛道验证
春风 675SR-R 2024,16,发动机防摔,高,低风险保护件,防摔球直径约50-80mm+支架,发动机吊耳/车架安装孔位,车型专用不通用,确认不干涉边撑与排气,国产改装（GB Racing款）,发动机边盖保护罩（右）,约80-120（含支架，以实物为准）,约50-80（球径，以实物为准）,约50-80（球径，以实物为准）,约10-14（穿杆孔径，以实物为准）,50-80,随安装位（以实物为准）,约2（支架安装孔，以实物为准）,约300-800（以实物为准）,60%长玻纤增强尼龙(PA6.6),黑,https://img.alicdn.com/bao/uploaded/i3/2297654694/O1CN0101drsV1kXtpz72TqS_!!2297654694.jpg,,,,https://www.gbracing.eu/Catalogue/ENGINE-PROTECTION/RSV4-Engine-Cover-Set-2021-EC-RSV4-2021-SET-GBR （同类参考件）,正视图(右侧护罩)/JPG/600x600,未标注，需按实车估算,60%玻纤增强尼龙护罩，哑光黑,商品图，版权归商家,未证明适配2024款675SR-R；车型专用件，安装前需核对年份与孔位,需配合车型专用支架，需拆车安装,180,淘宝GB Racing款发动机保护罩,https://s.taobao.com/search?q=GB+Racing+%E6%98%A5%E9%A3%8E,GB Racing水泵保护盖，摔车保护水泵壳体，避免倒车导致冷却液泄漏，精密加工
春风 675SR-R 2024,17,发动机防摔,高,低风险保护件,防摔球直径约50-80mm+支架,发动机吊耳/车架安装孔位,车型专用不通用,确认不干涉边撑与排气,速摩（SUMO）,速摩CNC铝合金车身防摔球,约80-120（含支架，以实物为准）,约50-80（球径，以实物为准）,约50-80（球径，以实物为准）,约10-14（穿杆孔径，以实物为准）,50-80,随安装位（以实物为准）,约2（支架安装孔，以实物为准）,约300-800（以实物为准）,CNC铝合金+尼龙滑块,黑/银,https://img.alicdn.com/imgextra/i3/2208672679844/O1CN01k3XQ5Y1zPzQzQzQz_!!2208672679844.jpg,,,,https://evotech-performance.com/products/evotech-crash-bobbins-yamaha-yzf-r7-2026 （同类参考件）,正视一对/JPG/896x896；侧视特写/JPG/896x750,未标注，需按实车估算,CNC铝支架+尼龙滑块，哑光黑(同类参考件),商品图，版权归商家,未证明适配2024款675SR-R；车型专用件，安装前需核对年份与孔位,需配合车型专用支架，需拆车安装,225,淘宝速摩SUMO改装官方店,https://sumo.tmall.com,速摩CNC铝合金车身防摔球，多种颜色可选，安装简单，倒车保护车身和发动机，性价比高
春风 675SR-R 2024,18,发动机防摔,高,低风险保护件,防摔球直径约50-80mm+支架,发动机吊耳/车架安装孔位,车型专用不通用,确认不干涉边撑与排气,速摩（SUMO）,竞技护杠保险杠,约80-120（含支架，以实物为准）,约50-80（球径，以实物为准）,约50-80（球径，以实物为准）,约10-14（穿杆孔径，以实物为准）,50-80,随安装位（以实物为准）,约2（支架安装孔，以实物为准）,约300-800（以实物为准）,碳钢钢管,黑喷塑,https://img.alicdn.com/bao/uploaded/i4/2200700040353/O1CN01zbwlsg1ETijZAgqfU_!!0-item_pic.jpg,,,,https://www.alibaba.com/showroom/cfmoto-crash-guard.html （同类参考件）,正视图/JPG/300x300,未标注，需按实车估算,碳钢钢管护杠，黑色喷塑，配防摔头(同类参考件),商品图，版权归商家,未证明适配2024款675SR-R；车型专用件，安装前需核对年份与孔位,需配合车型专用支架，需拆车安装,325,淘宝速摩SUMO改装官方店,https://sumo.tmall.com,速摩竞技护杠，碳钢材质，无损安装，倒车保护发动机和车身，带防摔头，匹配度高
春风 675SR-R 2024,19,发动机防摔,高,低风险保护件,防摔球直径约50-80mm+支架,发动机吊耳/车架安装孔位,车型专用不通用,确认不干涉边撑与排气,速摩（SUMO）,后摇臂防摔球,约80-120（含支架，以实物为准）,约50-80（球径，以实物为准）,约50-80（球径，以实物为准）,约10-14（穿杆孔径，以实物为准）,50-80,随安装位（以实物为准）,约2（支架安装孔，以实物为准）,约300-800（以实物为准）,铝合金/不锈钢中轴+尼龙球头,黑/银,https://img.alicdn.com/imgextra/i2/2200756612091/O1CN01LRUypr1RJiyuAcsan_!!2200756612091.jpg,,,,https://evotech-performance.com/products/evotech-crash-bobbins-yamaha-yzf-r7-2026 （同类参考件）,正视图/JPG/896x896,未标注，需按实车估算,铝/不锈钢中轴+尼龙球头，哑光黑(同类参考件),商品图，版权归商家,未证明适配2024款675SR-R；车型专用件，安装前需核对年份与孔位,需专业截链器安装，需匹配牙盘齿数,150,淘宝速摩SUMO改装官方店,https://sumo.tmall.com,速摩后摇臂防摔球，CNC铝合金，保护后摇臂和链条，倒车防刮蹭，多种颜色可选
春风 675SR-R 2024,20,发动机防摔,高,低风险保护件,防摔球直径约50-80mm+支架,发动机吊耳/车架安装孔位,车型专用不通用,确认不干涉边撑与排气,摩多狼（MOTOWOLF）,摩多狼摩托车防摔球保险杠套装,约80-120（含支架，以实物为准）,约50-80（球径，以实物为准）,约50-80（球径，以实物为准）,约10-14（穿杆孔径，以实物为准）,50-80,随安装位（以实物为准）,约2（支架安装孔，以实物为准）,约300-800（以实物为准）,碳钢护杠+尼龙防摔块,黑,https://img.alicdn.com/i3/68078097/O1CN01OVniMF29gTeLe0xdY_!!68078097.jpg,,,,https://www.alibaba.com/showroom/cfmoto-crash-guard.html （同类参考件）,正视图/JPG/300x300,未标注，需按实车估算,碳钢护杠+尼龙防摔块，黑色(同类参考件),商品图，版权归商家,未证明适配2024款675SR-R；车型专用件，安装前需核对年份与孔位,需专业工具，全套更换,150,天猫摩多狼MOTOWOLF官方旗舰店,https://motowolf.tmall.com,摩多狼防摔球+护杠套装，铝合金材质，黑色/红色可选，倒车保护，安装简便，价格亲民
春风 250SR 单摇臂版 2025,25,刹车系统,高,制动升级件，需确认ABS兼容性,对四活塞卡钳/浮动刹车盘/烧结刹车片/刹车钢喉，制动力升级,车型专用转接码/原厂卡钳位,车型专用不通用,更换后需排空刹车油，注意ABS传感器位置,Brembo 布雷博,M40 对四活塞卡钳（前）,约80-110（以实物为准）,约70-100（以实物为准）,约40-60（以实物为准）,约30-34（活塞径，以实物为准）,不适用,84,4,约900-1100（含刹车片，以实物为准）,铝合金,金/银/黑可选,https://brem-p-001.sitecorecontenthub.cloud/api/public/content/8c7d26f5566d4a13916a0e46889ad1ae?v=f09543c5,,,,Webike/淘宝商品图：对四活塞刹车卡钳（白底产品图）,正视图/侧视图/俯视图，png，1024×1024,未标注，需按实车估算,铝合金CNC，红/金/黑色涂装可选,商品图，版权归商家,未证明适配春风 250SR 单摇臂版 2025；刹车系统需按实车核对安装位,需配合车型专用转接码，需更换刹车油,"2,500",Brembo布雷博官网,https://www.brembo.com/en/solutions/for-your-bike,意大利Brembo M40一体式大辐射卡钳，对四活塞，制动力强劲，赛道级性能，需配合转接码
春风 250SR 单摇臂版 2025,26,刹车系统,高,制动升级件，需确认ABS兼容性,对四活塞卡钳/浮动刹车盘/烧结刹车片/刹车钢喉，制动力升级,车型专用转接码/原厂卡钳位,车型专用不通用,更换后需排空刹车油，注意ABS传感器位置,Brembo 布雷博,300mm 浮动刹车盘（前）,不适用（直径见P外径）,约4-5（厚度，以实物为准）,不适用,随车型（以实物为准）,300,随安装位（以实物为准）,约6（安装螺栓，以实物为准）,约1.5-2.5（以实物为准）,浮动不锈钢盘,银色,https://brem-p-001.sitecorecontenthub.cloud/api/public/content/8c7d26f5566d4a13916a0e46889ad1ae?v=f09543c5,,,,阿里巴巴商品图：浮动刹车盘（白底产品图）,正视图/侧视图/俯视图，png，1024×1024,未标注，需按实车估算,浮动不锈钢盘，银色,商品图，版权归商家,未证明适配春风 250SR 单摇臂版 2025；刹车系统需按实车核对安装位,需匹配卡钳尺寸，专业安装,"1,200",Brembo布雷博官网,https://www.brembo.com/en/solutions/for-your-bike,Brembo Oro系列浮动刹车盘，260mm直径，散热好，制动稳定，减少热衰减
春风 250SR 单摇臂版 2025,27,刹车系统,高,制动升级件，需确认ABS兼容性,对四活塞卡钳/浮动刹车盘/烧结刹车片/刹车钢喉，制动力升级,车型专用转接码/原厂卡钳位,车型专用不通用,更换后需排空刹车油，注意ABS传感器位置,Brembo 布雷博,HH 烧结刹车片（前）,约80-95（以实物为准）,约35-45（以实物为准）,约8-10（以实物为准）,不适用,不适用,不适用,不适用,约0.15-0.25（单片，以实物为准）,金属烧结,烧结金属色,https://brem-p-001.sitecorecontenthub.cloud/api/public/content/8c7d26f5566d4a13916a0e46889ad1ae?v=f09543c5,,,,阿里巴巴商品图：烧结刹车片（白底产品图）,正视图/侧视图/俯视图，png，1024×1024,未标注，需按实车估算,金属烧结，烧结金属色,商品图，版权归商家,未证明适配春风 250SR 单摇臂版 2025；刹车系统需按实车核对安装位,无损安装，直接替换原厂刹车片,380,Brembo布雷博官网,https://www.brembo.com/en/solutions/for-your-bike,Brembo HH级烧结刹车片，高温制动稳定，摩擦系数高，赛道街道两用
春风 250SR 单摇臂版 2025,28,刹车系统,高,制动升级件，需确认ABS兼容性,对四活塞卡钳/浮动刹车盘/烧结刹车片/刹车钢喉，制动力升级,车型专用转接码/原厂卡钳位,车型专用不通用,更换后需排空刹车油，注意ABS传感器位置,Galfer,浮动刹车盘（前）,不适用（直径见P外径）,约4-5（厚度，以实物为准）,不适用,随车型（以实物为准）,约300（以实物为准）,随安装位（以实物为准）,约6（安装螺栓，以实物为准）,约1.5-2.5（以实物为准）,浮动不锈钢盘,银色,https://www.paddock-gp.com/wp-content/uploads/2023/03/Moto2_brembo.jpg,,,,阿里巴巴商品图：浮动刹车盘（白底产品图）,正视图/侧视图/俯视图，png，1024×1024,未标注，需按实车估算,浮动不锈钢盘，银色,商品图，版权归商家,未证明适配春风 250SR 单摇臂版 2025；刹车系统需按实车核对安装位,需匹配卡钳尺寸，专业安装,"1,000",Galfer官网,https://www.galfermoto.com,西班牙Galfer浮动刹车盘，波浪形设计，散热快，轻量化，制动线性
春风 250SR 单摇臂版 2025,29,刹车系统,高,制动升级件，需确认ABS兼容性,对四活塞卡钳/浮动刹车盘/烧结刹车片/刹车钢喉，制动力升级,车型专用转接码/原厂卡钳位,车型专用不通用,更换后需排空刹车油，注意ABS传感器位置,Galfer,烧结刹车片（前）,约80-95（以实物为准）,约35-45（以实物为准）,约8-10（以实物为准）,不适用,不适用,不适用,不适用,约0.15-0.25（单片，以实物为准）,金属烧结,烧结金属色,https://img.alicdn.com/i2/1020966318/O1CN01rvnOSB1wXgywYEbqu_!!1020966318.jpg,,,,阿里巴巴商品图：烧结刹车片（白底产品图）,正视图/侧视图/俯视图，png，1024×1024,未标注，需按实车估算,金属烧结，烧结金属色,商品图，版权归商家,未证明适配春风 250SR 单摇臂版 2025；刹车系统需按实车核对安装位,无损安装，直接替换原厂刹车片,350,Galfer官网,https://www.galfermoto.com,Galfer HH级烧结刹车片，高温稳定，摩擦系数高，耐磨寿命长
春风 250SR 单摇臂版 2025,30,刹车系统,高,制动升级件，需确认ABS兼容性,对四活塞卡钳/浮动刹车盘/烧结刹车片/刹车钢喉，制动力升级,车型专用转接码/原厂卡钳位,车型专用不通用,更换后需排空刹车油，注意ABS传感器位置,Galfer,刹车钢喉（前）,约800-1000（按车型定制，以实物为准）,不适用,不适用,约3.2（内径，以实物为准）,约5-6（管外径，以实物为准）,不适用,不适用,约0.3-0.6（以实物为准）,不锈钢编织,银/蓝可选,https://pic3.zhimg.com/v2-b5cc06b6625d203d2b762d1a43f02178_720w.jpg,,,,Made-in-China商品图：不锈钢编织刹车钢喉（白底产品图）,正视图/侧视图/俯视图，png，1024×1024,未标注，需按实车估算,不锈钢编织，银/蓝可选,商品图，版权归商家,未证明适配春风 250SR 单摇臂版 2025；刹车系统需按实车核对安装位,需更换刹车油，专业排空气,300,Galfer官网,https://www.galfermoto.com,Galfer不锈钢编织刹车钢喉，减少油管膨胀，提升刹车手感，即插即用
春风 250SR 单摇臂版 2025,31,刹车系统,高,制动升级件，需确认ABS兼容性,对四活塞卡钳/浮动刹车盘/烧结刹车片/刹车钢喉，制动力升级,车型专用转接码/原厂卡钳位,车型专用不通用,更换后需排空刹车油，注意ABS传感器位置,Frando 车力屋,FCF640 对四活塞卡钳（前）,约80-110（以实物为准）,约70-100（以实物为准）,约40-60（以实物为准）,约30-34（活塞径，以实物为准）,不适用,84,4,约900-1100（含刹车片，以实物为准）,铝合金CNC,金/银/黑可选,http://frando.com.tw/cdn/shop/files/5-02_047e9b17-c9b1-4329-b83a-af57cb15d25c.jpg?v=1774410445,,,,Webike/淘宝商品图：对四活塞刹车卡钳（白底产品图）,正视图/侧视图/俯视图，png，1024×1024,未标注，需按实车估算,铝合金CNC，红/金/黑色涂装可选,商品图，版权归商家,未证明适配春风 250SR 单摇臂版 2025；刹车系统需按实车核对安装位,需配合车型专用转接码，需更换刹车油,"1,800",Frando车力屋官网,https://www.frando.com.tw,中国台湾Frando FCF640一体式对四活塞卡钳，CNC加工，制动线性，性价比高
春风 250SR 单摇臂版 2025,32,刹车系统,高,制动升级件，需确认ABS兼容性,对四活塞卡钳/浮动刹车盘/烧结刹车片/刹车钢喉，制动力升级,车型专用转接码/原厂卡钳位,车型专用不通用,更换后需排空刹车油，注意ABS传感器位置,Frando 车力屋,刹车钢喉（前）,约800-1000（按车型定制，以实物为准）,不适用,不适用,约3.2（内径，以实物为准）,约5-6（管外径，以实物为准）,不适用,不适用,约0.3-0.6（以实物为准）,不锈钢编织,银/蓝可选,http://frando.com.tw/cdn/shop/files/5-02_047e9b17-c9b1-4329-b83a-af57cb15d25c.jpg?v=1774410445,,,,Made-in-China商品图：不锈钢编织刹车钢喉（白底产品图）,正视图/侧视图/俯视图，png，1024×1024,未标注，需按实车估算,不锈钢编织，银/蓝可选,商品图，版权归商家,未证明适配春风 250SR 单摇臂版 2025；刹车系统需按实车核对安装位,需更换刹车油，专业排空气,280,Frando车力屋官网,https://www.frando.com.tw,Frando不锈钢编织刹车钢喉，提升刹车手感，减少膨胀，多种颜色可选
春风 250SR 单摇臂版 2025,33,刹车系统,高,制动升级件，需确认ABS兼容性,对四活塞卡钳/浮动刹车盘/烧结刹车片/刹车钢喉，制动力升级,车型专用转接码/原厂卡钳位,车型专用不通用,更换后需排空刹车油，注意ABS传感器位置,Goodridge,刹车钢喉（前）,约800-1000（按车型定制，以实物为准）,不适用,不适用,约3.2（内径，以实物为准）,约5-6（管外径，以实物为准）,不适用,不适用,约0.3-0.6（以实物为准）,不锈钢编织,银/蓝可选,https://www.paddock-gp.com/wp-content/uploads/2023/03/Moto2_brembo.jpg,,,,Made-in-China商品图：不锈钢编织刹车钢喉（白底产品图）,正视图/侧视图/俯视图，png，1024×1024,未标注，需按实车估算,不锈钢编织，银/蓝可选,商品图，版权归商家,未证明适配春风 250SR 单摇臂版 2025；刹车系统需按实车核对安装位,需更换刹车油，专业排空气,350,Goodridge官网,https://www.goodridge.com,英国Goodridge不锈钢编织刹车钢喉，航空级品质，减少油管膨胀，提升刹车手感
春风 250SR 单摇臂版 2025,34,刹车系统,高,制动升级件，需确认ABS兼容性,对四活塞卡钳/浮动刹车盘/烧结刹车片/刹车钢喉，制动力升级,车型专用转接码/原厂卡钳位,车型专用不通用,更换后需排空刹车油，注意ABS传感器位置,EBC,HH 烧结刹车片（前）,88,39.6,10,不适用,不适用,不适用,不适用,约0.15-0.25（单片，以实物为准）,金属烧结,烧结金属色,https://www.ebcbrakes.com/wp-content/uploads/2021/04/automotive-products-002.png,,,,阿里巴巴商品图：烧结刹车片（白底产品图）,正视图/侧视图/俯视图，png，1024×1024,未标注，需按实车估算,金属烧结，烧结金属色,商品图，版权归商家,未证明适配春风 250SR 单摇臂版 2025；刹车系统需按实车核对安装位,无损安装，直接替换原厂刹车片,350,EBC Brakes官网,https://www.ebcbrakes.com,英国EBC HH级金属烧结刹车片，高温制动稳定，R90认证，赛道街道两用
春风 450SR 2025,25,刹车系统,高,制动升级件，需确认ABS兼容性,对四活塞卡钳/浮动刹车盘/烧结刹车片/刹车钢喉，制动力升级,车型专用转接码/原厂卡钳位,车型专用不通用,更换后需排空刹车油，注意ABS传感器位置,Brembo 布雷博,M40 对四活塞卡钳（前）,约80-110（以实物为准）,约70-100（以实物为准）,约40-60（以实物为准）,约30-34（活塞径，以实物为准）,不适用,84,4,约900-1100（含刹车片，以实物为准）,铝合金,金/银/黑可选,https://brem-p-001.sitecorecontenthub.cloud/api/public/content/8c7d26f5566d4a13916a0e46889ad1ae?v=f09543c5,,,,Webike/淘宝商品图：对四活塞刹车卡钳（白底产品图）,正视图/侧视图/俯视图，png，1024×1024,未标注，需按实车估算,铝合金CNC，红/金/黑色涂装可选,商品图，版权归商家,未证明适配春风 450SR 2025；刹车系统需按实车核对安装位,需配合车型专用转接码，需更换刹车油,"2,500",Brembo布雷博官网,https://www.brembo.com/en/solutions/for-your-bike,意大利Brembo M40一体式大辐射卡钳，对四活塞，制动力强劲，赛道级性能，需配合转接码
春风 450SR 2025,35,刹车系统,高,制动升级件，需确认ABS兼容性,对四活塞卡钳/浮动刹车盘/烧结刹车片/刹车钢喉，制动力升级,车型专用转接码/原厂卡钳位,车型专用不通用,更换后需排空刹车油，注意ABS传感器位置,Brembo 布雷博,292mm 浮动刹车盘（前）,不适用（直径见P外径）,约4-5（厚度，以实物为准）,不适用,随车型（以实物为准）,292,随安装位（以实物为准）,约6（安装螺栓，以实物为准）,约1.5-2.5（以实物为准）,浮动不锈钢盘,银色,https://brem-p-001.sitecorecontenthub.cloud/api/public/content/8c7d26f5566d4a13916a0e46889ad1ae?v=f09543c5,,,,阿里巴巴商品图：浮动刹车盘（白底产品图）,正视图/侧视图/俯视图，png，1024×1024,未标注，需按实车估算,浮动不锈钢盘，银色,商品图，版权归商家,未证明适配春风 450SR 2025；刹车系统需按实车核对安装位,需匹配卡钳尺寸，专业安装,"1,380",Brembo布雷博官网,https://www.brembo.com/en/solutions/for-your-bike,Brembo Oro系列浮动刹车盘，292mm直径，散热好，制动稳定，减少热衰减
春风 450SR 2025,27,刹车系统,高,制动升级件，需确认ABS兼容性,对四活塞卡钳/浮动刹车盘/烧结刹车片/刹车钢喉，制动力升级,车型专用转接码/原厂卡钳位,车型专用不通用,更换后需排空刹车油，注意ABS传感器位置,Brembo 布雷博,HH 烧结刹车片（前）,约80-95（以实物为准）,约35-45（以实物为准）,约8-10（以实物为准）,不适用,不适用,不适用,不适用,约0.15-0.25（单片，以实物为准）,金属烧结,烧结金属色,https://brem-p-001.sitecorecontenthub.cloud/api/public/content/8c7d26f5566d4a13916a0e46889ad1ae?v=f09543c5,,,,阿里巴巴商品图：烧结刹车片（白底产品图）,正视图/侧视图/俯视图，png，1024×1024,未标注，需按实车估算,金属烧结，烧结金属色,商品图，版权归商家,未证明适配春风 450SR 2025；刹车系统需按实车核对安装位,无损安装，直接替换原厂刹车片,436,Brembo布雷博官网,https://www.brembo.com/en/solutions/for-your-bike,Brembo HH级烧结刹车片，高温制动稳定，摩擦系数高，赛道街道两用
春风 450SR 2025,28,刹车系统,高,制动升级件，需确认ABS兼容性,对四活塞卡钳/浮动刹车盘/烧结刹车片/刹车钢喉，制动力升级,车型专用转接码/原厂卡钳位,车型专用不通用,更换后需排空刹车油，注意ABS传感器位置,Galfer,浮动刹车盘（前）,不适用（直径见P外径）,约4-5（厚度，以实物为准）,不适用,随车型（以实物为准）,约300（以实物为准）,随安装位（以实物为准）,约6（安装螺栓，以实物为准）,约1.5-2.5（以实物为准）,浮动不锈钢盘,银色,https://pic1.zhimg.com/v2-b4e8d973c2b0eb8b6640cad18a791b42_r.jpg,,,,阿里巴巴商品图：浮动刹车盘（白底产品图）,正视图/侧视图/俯视图，png，1024×1024,未标注，需按实车估算,浮动不锈钢盘，银色,商品图，版权归商家,未证明适配春风 450SR 2025；刹车系统需按实车核对安装位,需匹配卡钳尺寸，专业安装,"1,000",Galfer官网,https://www.galfermoto.com,西班牙Galfer浮动刹车盘，波浪形设计，散热快，轻量化，制动线性
春风 450SR 2025,29,刹车系统,高,制动升级件，需确认ABS兼容性,对四活塞卡钳/浮动刹车盘/烧结刹车片/刹车钢喉，制动力升级,车型专用转接码/原厂卡钳位,车型专用不通用,更换后需排空刹车油，注意ABS传感器位置,Galfer,烧结刹车片（前）,约80-95（以实物为准）,约35-45（以实物为准）,约8-10（以实物为准）,不适用,不适用,不适用,不适用,约0.15-0.25（单片，以实物为准）,金属烧结,烧结金属色,https://img.alicdn.com/bao/uploaded/i3/3375328559/O1CN01uASETp2D64nbKINHR_!!3375328559.jpg,,,,阿里巴巴商品图：烧结刹车片（白底产品图）,正视图/侧视图/俯视图，png，1024×1024,未标注，需按实车估算,金属烧结，烧结金属色,商品图，版权归商家,未证明适配春风 450SR 2025；刹车系统需按实车核对安装位,无损安装，直接替换原厂刹车片,350,Galfer官网,https://www.galfermoto.com,Galfer HH级烧结刹车片，高温稳定，摩擦系数高，耐磨寿命长
春风 450SR 2025,30,刹车系统,高,制动升级件，需确认ABS兼容性,对四活塞卡钳/浮动刹车盘/烧结刹车片/刹车钢喉，制动力升级,车型专用转接码/原厂卡钳位,车型专用不通用,更换后需排空刹车油，注意ABS传感器位置,Galfer,刹车钢喉（前）,约800-1000（按车型定制，以实物为准）,不适用,不适用,约3.2（内径，以实物为准）,约5-6（管外径，以实物为准）,不适用,不适用,约0.3-0.6（以实物为准）,不锈钢编织,银/蓝可选,http://p6.itc.cn/q_70/images03/20200729/a17b2993ace9425da1643437b85474ed.jpeg,,,,Made-in-China商品图：不锈钢编织刹车钢喉（白底产品图）,正视图/侧视图/俯视图，png，1024×1024,未标注，需按实车估算,不锈钢编织，银/蓝可选,商品图，版权归商家,未证明适配春风 450SR 2025；刹车系统需按实车核对安装位,需更换刹车油，专业排空气,300,Galfer官网,https://www.galfermoto.com,Galfer不锈钢编织刹车钢喉，减少油管膨胀，提升刹车手感，即插即用
春风 450SR 2025,31,刹车系统,高,制动升级件，需确认ABS兼容性,对四活塞卡钳/浮动刹车盘/烧结刹车片/刹车钢喉，制动力升级,车型专用转接码/原厂卡钳位,车型专用不通用,更换后需排空刹车油，注意ABS传感器位置,Frando 车力屋,FCF640 对四活塞卡钳（前）,约80-110（以实物为准）,约70-100（以实物为准）,约40-60（以实物为准）,约30-34（活塞径，以实物为准）,不适用,84,4,约900-1100（含刹车片，以实物为准）,铝合金CNC,金/银/黑可选,http://frando.com.tw/cdn/shop/files/5-02_047e9b17-c9b1-4329-b83a-af57cb15d25c.jpg?v=1774410445,,,,Webike/淘宝商品图：对四活塞刹车卡钳（白底产品图）,正视图/侧视图/俯视图，png，1024×1024,未标注，需按实车估算,铝合金CNC，红/金/黑色涂装可选,商品图，版权归商家,未证明适配春风 450SR 2025；刹车系统需按实车核对安装位,需配合车型专用转接码，需更换刹车油,"1,800",Frando车力屋官网,https://www.frando.com.tw,中国台湾Frando FCF640一体式对四活塞卡钳，CNC加工，制动线性，性价比高
春风 450SR 2025,32,刹车系统,高,制动升级件，需确认ABS兼容性,对四活塞卡钳/浮动刹车盘/烧结刹车片/刹车钢喉，制动力升级,车型专用转接码/原厂卡钳位,车型专用不通用,更换后需排空刹车油，注意ABS传感器位置,Frando 车力屋,刹车钢喉（前）,约800-1000（按车型定制，以实物为准）,不适用,不适用,约3.2（内径，以实物为准）,约5-6（管外径，以实物为准）,不适用,不适用,约0.3-0.6（以实物为准）,不锈钢编织,银/蓝可选,http://frando.com.tw/cdn/shop/files/5-02_047e9b17-c9b1-4329-b83a-af57cb15d25c.jpg?v=1774410445,,,,Made-in-China商品图：不锈钢编织刹车钢喉（白底产品图）,正视图/侧视图/俯视图，png，1024×1024,未标注，需按实车估算,不锈钢编织，银/蓝可选,商品图，版权归商家,未证明适配春风 450SR 2025；刹车系统需按实车核对安装位,需更换刹车油，专业排空气,280,Frando车力屋官网,https://www.frando.com.tw,Frando不锈钢编织刹车钢喉，提升刹车手感，减少膨胀，多种颜色可选
春风 450SR 2025,33,刹车系统,高,制动升级件，需确认ABS兼容性,对四活塞卡钳/浮动刹车盘/烧结刹车片/刹车钢喉，制动力升级,车型专用转接码/原厂卡钳位,车型专用不通用,更换后需排空刹车油，注意ABS传感器位置,Goodridge,刹车钢喉（前）,约800-1000（按车型定制，以实物为准）,不适用,不适用,约3.2（内径，以实物为准）,约5-6（管外径，以实物为准）,不适用,不适用,约0.3-0.6（以实物为准）,不锈钢编织,银/蓝可选,https://pic1.zhimg.com/v2-b4e8d973c2b0eb8b6640cad18a791b42_r.jpg,,,,Made-in-China商品图：不锈钢编织刹车钢喉（白底产品图）,正视图/侧视图/俯视图，png，1024×1024,未标注，需按实车估算,不锈钢编织，银/蓝可选,商品图，版权归商家,未证明适配春风 450SR 2025；刹车系统需按实车核对安装位,需更换刹车油，专业排空气,350,Goodridge官网,https://www.goodridge.com,英国Goodridge不锈钢编织刹车钢喉，航空级品质，减少油管膨胀，提升刹车手感
春风 450SR 2025,34,刹车系统,高,制动升级件，需确认ABS兼容性,对四活塞卡钳/浮动刹车盘/烧结刹车片/刹车钢喉，制动力升级,车型专用转接码/原厂卡钳位,车型专用不通用,更换后需排空刹车油，注意ABS传感器位置,EBC,HH 烧结刹车片（前）,88,39.6,10,不适用,不适用,不适用,不适用,约0.15-0.25（单片，以实物为准）,金属烧结,烧结金属色,https://www.ebcbrakes.com/wp-content/uploads/2021/04/automotive-products-002.png,,,,阿里巴巴商品图：烧结刹车片（白底产品图）,正视图/侧视图/俯视图，png，1024×1024,未标注，需按实车估算,金属烧结，烧结金属色,商品图，版权归商家,未证明适配春风 450SR 2025；刹车系统需按实车核对安装位,无损安装，直接替换原厂刹车片,350,EBC Brakes官网,https://www.ebcbrakes.com,英国EBC HH级金属烧结刹车片，高温制动稳定，R90认证，赛道街道两用
春风 675SR-R 2024,25,刹车系统,高,制动升级件，需确认ABS兼容性,对四活塞卡钳/浮动刹车盘/烧结刹车片/刹车钢喉，制动力升级,车型专用转接码/原厂卡钳位,车型专用不通用,更换后需排空刹车油，注意ABS传感器位置,Brembo 布雷博,M40 对四活塞卡钳（前）,约80-110（以实物为准）,约70-100（以实物为准）,约40-60（以实物为准）,约30-34（活塞径，以实物为准）,不适用,84,4,约900-1100（含刹车片，以实物为准）,铝合金,金/银/黑可选,https://brem-p-001.sitecorecontenthub.cloud/api/public/content/8c7d26f5566d4a13916a0e46889ad1ae?v=f09543c5,,,,Webike/淘宝商品图：对四活塞刹车卡钳（白底产品图）,正视图/侧视图/俯视图，png，1024×1024,未标注，需按实车估算,铝合金CNC，红/金/黑色涂装可选,商品图，版权归商家,未证明适配春风 675SR-R 2024；刹车系统需按实车核对安装位,需配合车型专用转接码，需更换刹车油,"2,500",Brembo布雷博官网,https://www.brembo.com/en/solutions/for-your-bike,意大利Brembo M40一体式大辐射卡钳，对四活塞，制动力强劲，赛道级性能，需配合转接码
春风 675SR-R 2024,26,刹车系统,高,制动升级件，需确认ABS兼容性,对四活塞卡钳/浮动刹车盘/烧结刹车片/刹车钢喉，制动力升级,车型专用转接码/原厂卡钳位,车型专用不通用,更换后需排空刹车油，注意ABS传感器位置,Brembo 布雷博,300mm 浮动刹车盘（前）,不适用（直径见P外径）,约4-5（厚度，以实物为准）,不适用,随车型（以实物为准）,300,随安装位（以实物为准）,约6（安装螺栓，以实物为准）,约1.5-2.5（以实物为准）,浮动不锈钢盘,银色,https://brem-p-001.sitecorecontenthub.cloud/api/public/content/8c7d26f5566d4a13916a0e46889ad1ae?v=f09543c5,,,,阿里巴巴商品图：浮动刹车盘（白底产品图）,正视图/侧视图/俯视图，png，1024×1024,未标注，需按实车估算,浮动不锈钢盘，银色,商品图，版权归商家,未证明适配春风 675SR-R 2024；刹车系统需按实车核对安装位,需匹配卡钳尺寸，专业安装,"1,500",Brembo布雷博官网,https://www.brembo.com/en/solutions/for-your-bike,Brembo Oro系列浮动刹车盘，300mm直径，散热好，制动稳定，减少热衰减
春风 675SR-R 2024,27,刹车系统,高,制动升级件，需确认ABS兼容性,对四活塞卡钳/浮动刹车盘/烧结刹车片/刹车钢喉，制动力升级,车型专用转接码/原厂卡钳位,车型专用不通用,更换后需排空刹车油，注意ABS传感器位置,Brembo 布雷博,HH 烧结刹车片（前）,约80-95（以实物为准）,约35-45（以实物为准）,约8-10（以实物为准）,不适用,不适用,不适用,不适用,约0.15-0.25（单片，以实物为准）,金属烧结,烧结金属色,https://brem-p-001.sitecorecontenthub.cloud/api/public/content/8c7d26f5566d4a13916a0e46889ad1ae?v=f09543c5,,,,阿里巴巴商品图：烧结刹车片（白底产品图）,正视图/侧视图/俯视图，png，1024×1024,未标注，需按实车估算,金属烧结，烧结金属色,商品图，版权归商家,未证明适配春风 675SR-R 2024；刹车系统需按实车核对安装位,无损安装，直接替换原厂刹车片,475,Brembo布雷博官网,https://www.brembo.com/en/solutions/for-your-bike,Brembo HH级烧结刹车片，高温制动稳定，摩擦系数高，赛道街道两用
春风 675SR-R 2024,28,刹车系统,高,制动升级件，需确认ABS兼容性,对四活塞卡钳/浮动刹车盘/烧结刹车片/刹车钢喉，制动力升级,车型专用转接码/原厂卡钳位,车型专用不通用,更换后需排空刹车油，注意ABS传感器位置,Galfer,浮动刹车盘（前）,不适用（直径见P外径）,约4-5（厚度，以实物为准）,不适用,随车型（以实物为准）,约300（以实物为准）,随安装位（以实物为准）,约6（安装螺栓，以实物为准）,约1.5-2.5（以实物为准）,浮动不锈钢盘,银色,https://www.paddock-gp.com/wp-content/uploads/2023/03/Moto2_brembo.jpg,,,,阿里巴巴商品图：浮动刹车盘（白底产品图）,正视图/侧视图/俯视图，png，1024×1024,未标注，需按实车估算,浮动不锈钢盘，银色,商品图，版权归商家,未证明适配春风 675SR-R 2024；刹车系统需按实车核对安装位,需匹配卡钳尺寸，专业安装,"1,000",Galfer官网,https://www.galfermoto.com,西班牙Galfer浮动刹车盘，波浪形设计，散热快，轻量化，制动线性
春风 675SR-R 2024,29,刹车系统,高,制动升级件，需确认ABS兼容性,对四活塞卡钳/浮动刹车盘/烧结刹车片/刹车钢喉，制动力升级,车型专用转接码/原厂卡钳位,车型专用不通用,更换后需排空刹车油，注意ABS传感器位置,Galfer,烧结刹车片（前）,约80-95（以实物为准）,约35-45（以实物为准）,约8-10（以实物为准）,不适用,不适用,不适用,不适用,约0.15-0.25（单片，以实物为准）,金属烧结,烧结金属色,https://img.alicdn.com/i2/1020966318/O1CN01rvnOSB1wXgywYEbqu_!!1020966318.jpg,,,,阿里巴巴商品图：烧结刹车片（白底产品图）,正视图/侧视图/俯视图，png，1024×1024,未标注，需按实车估算,金属烧结，烧结金属色,商品图，版权归商家,未证明适配春风 675SR-R 2024；刹车系统需按实车核对安装位,无损安装，直接替换原厂刹车片,350,Galfer官网,https://www.galfermoto.com,Galfer HH级烧结刹车片，高温稳定，摩擦系数高，耐磨寿命长
春风 675SR-R 2024,30,刹车系统,高,制动升级件，需确认ABS兼容性,对四活塞卡钳/浮动刹车盘/烧结刹车片/刹车钢喉，制动力升级,车型专用转接码/原厂卡钳位,车型专用不通用,更换后需排空刹车油，注意ABS传感器位置,Galfer,刹车钢喉（前）,约800-1000（按车型定制，以实物为准）,不适用,不适用,约3.2（内径，以实物为准）,约5-6（管外径，以实物为准）,不适用,不适用,约0.3-0.6（以实物为准）,不锈钢编织,银/蓝可选,https://pic3.zhimg.com/v2-b5cc06b6625d203d2b762d1a43f02178_720w.jpg,,,,Made-in-China商品图：不锈钢编织刹车钢喉（白底产品图）,正视图/侧视图/俯视图，png，1024×1024,未标注，需按实车估算,不锈钢编织，银/蓝可选,商品图，版权归商家,未证明适配春风 675SR-R 2024；刹车系统需按实车核对安装位,需更换刹车油，专业排空气,300,Galfer官网,https://www.galfermoto.com,Galfer不锈钢编织刹车钢喉，减少油管膨胀，提升刹车手感，即插即用
春风 675SR-R 2024,31,刹车系统,高,制动升级件，需确认ABS兼容性,对四活塞卡钳/浮动刹车盘/烧结刹车片/刹车钢喉，制动力升级,车型专用转接码/原厂卡钳位,车型专用不通用,更换后需排空刹车油，注意ABS传感器位置,Frando 车力屋,FCF640 对四活塞卡钳（前）,约80-110（以实物为准）,约70-100（以实物为准）,约40-60（以实物为准）,约30-34（活塞径，以实物为准）,不适用,84,4,约900-1100（含刹车片，以实物为准）,铝合金CNC,金/银/黑可选,http://frando.com.tw/cdn/shop/files/5-02_047e9b17-c9b1-4329-b83a-af57cb15d25c.jpg?v=1774410445,,,,Webike/淘宝商品图：对四活塞刹车卡钳（白底产品图）,正视图/侧视图/俯视图，png，1024×1024,未标注，需按实车估算,铝合金CNC，红/金/黑色涂装可选,商品图，版权归商家,未证明适配春风 675SR-R 2024；刹车系统需按实车核对安装位,需配合车型专用转接码，需更换刹车油,"1,800",Frando车力屋官网,https://www.frando.com.tw,中国台湾Frando FCF640一体式对四活塞卡钳，CNC加工，制动线性，性价比高
春风 675SR-R 2024,32,刹车系统,高,制动升级件，需确认ABS兼容性,对四活塞卡钳/浮动刹车盘/烧结刹车片/刹车钢喉，制动力升级,车型专用转接码/原厂卡钳位,车型专用不通用,更换后需排空刹车油，注意ABS传感器位置,Frando 车力屋,刹车钢喉（前）,约800-1000（按车型定制，以实物为准）,不适用,不适用,约3.2（内径，以实物为准）,约5-6（管外径，以实物为准）,不适用,不适用,约0.3-0.6（以实物为准）,不锈钢编织,银/蓝可选,http://frando.com.tw/cdn/shop/files/5-02_047e9b17-c9b1-4329-b83a-af57cb15d25c.jpg?v=1774410445,,,,Made-in-China商品图：不锈钢编织刹车钢喉（白底产品图）,正视图/侧视图/俯视图，png，1024×1024,未标注，需按实车估算,不锈钢编织，银/蓝可选,商品图，版权归商家,未证明适配春风 675SR-R 2024；刹车系统需按实车核对安装位,需更换刹车油，专业排空气,280,Frando车力屋官网,https://www.frando.com.tw,Frando不锈钢编织刹车钢喉，提升刹车手感，减少膨胀，多种颜色可选
春风 675SR-R 2024,33,刹车系统,高,制动升级件，需确认ABS兼容性,对四活塞卡钳/浮动刹车盘/烧结刹车片/刹车钢喉，制动力升级,车型专用转接码/原厂卡钳位,车型专用不通用,更换后需排空刹车油，注意ABS传感器位置,Goodridge,刹车钢喉（前）,约800-1000（按车型定制，以实物为准）,不适用,不适用,约3.2（内径，以实物为准）,约5-6（管外径，以实物为准）,不适用,不适用,约0.3-0.6（以实物为准）,不锈钢编织,银/蓝可选,https://www.paddock-gp.com/wp-content/uploads/2023/03/Moto2_brembo.jpg,,,,Made-in-China商品图：不锈钢编织刹车钢喉（白底产品图）,正视图/侧视图/俯视图，png，1024×1024,未标注，需按实车估算,不锈钢编织，银/蓝可选,商品图，版权归商家,未证明适配春风 675SR-R 2024；刹车系统需按实车核对安装位,需更换刹车油，专业排空气,350,Goodridge官网,https://www.goodridge.com,英国Goodridge不锈钢编织刹车钢喉，航空级品质，减少油管膨胀，提升刹车手感
春风 675SR-R 2024,34,刹车系统,高,制动升级件，需确认ABS兼容性,对四活塞卡钳/浮动刹车盘/烧结刹车片/刹车钢喉，制动力升级,车型专用转接码/原厂卡钳位,车型专用不通用,更换后需排空刹车油，注意ABS传感器位置,EBC,HH 烧结刹车片（前）,约80-95（以实物为准）,约35-45（以实物为准）,约8-10（以实物为准）,不适用,不适用,不适用,不适用,约0.15-0.25（单片，以实物为准）,金属烧结,烧结金属色,https://www.ebcbrakes.com/wp-content/uploads/2021/04/automotive-products-002.png,,,,阿里巴巴商品图：烧结刹车片（白底产品图）,正视图/侧视图/俯视图，png，1024×1024,未标注，需按实车估算,金属烧结，烧结金属色,商品图，版权归商家,未证明适配春风 675SR-R 2024；刹车系统需按实车核对安装位,无损安装，直接替换原厂刹车片,350,EBC Brakes官网,https://www.ebcbrakes.com,英国EBC HH级金属烧结刹车片，高温制动稳定，R90认证，赛道街道两用
春风 250SR 单摇臂版 2025,36,链条牙盘,高,传动升级件，需校对链条松紧,520规格油封链条+轻量化牙盘，传动升级,匹配原厂链条规格520/牙盘安装位,同平台部分通用,更换后需校对链条松紧度与前后齿对齐,DID 日本大同,VX3 520 油封链条（黄金）,1905,约10.4（520标准总宽）,约12.7（520标准板高）,6.35,不适用,15.875,不适用,约1.5-2（整条，以实物为准）,合金钢油封链条,黄金/银/黑可选,http://cdn.shopify.com/s/files/1/0614/8253/3026/products/520VX3_Steel_P.jpg?crop=center&height=1200&v=1751289083&width=1200,,,,电商商品图：520油封链条（白底产品图）,正视图/侧视图/俯视图，png，1024×1024,未标注，需按实车估算,合金钢油封链条，黄金/银/黑可选,商品图，版权归商家,未证明适配春风 250SR 单摇臂版 2025；链条牙盘需按实车核对安装位,需专业截链器安装，需匹配牙盘齿数,550,DID链条官网,https://www.didchain.com/collections/didchains,日本DID 520VX3黄金油封链条，G&G油封，低摩擦长寿命，赛道级强度，120节
春风 250SR 单摇臂版 2025,37,链条牙盘,高,传动升级件，需校对链条松紧,520规格油封链条+轻量化牙盘，传动升级,匹配原厂链条规格520/牙盘安装位,同平台部分通用,更换后需校对链条松紧度与前后齿对齐,DID 日本大同,ZVM-X 520 链条（顶级）,1905,约10.4（520标准总宽）,约12.7（520标准板高）,6.35,不适用,15.875,不适用,约1.5-2（整条，以实物为准）,合金钢油封链条,黄金/银/黑可选,http://cdn.shopify.com/s/files/1/0614/8253/3026/products/520VX3_Steel_P.jpg?crop=center&height=1200&v=1751289083&width=1200,,,,电商商品图：520油封链条（白底产品图）,正视图/侧视图/俯视图，png，1024×1024,未标注，需按实车估算,合金钢油封链条，黄金/银/黑可选,商品图，版权归商家,未证明适配春风 250SR 单摇臂版 2025；链条牙盘需按实车核对安装位,需专业截链器安装，需匹配牙盘齿数,850,DID链条官网,https://www.didchain.com/collections/didchains,DID ZVM-X顶级链条，X-ring油封，超低摩擦，超高强度，MotoGP技术下放，120节
春风 250SR 单摇臂版 2025,38,链条牙盘,高,传动升级件，需校对链条松紧,520规格油封链条+轻量化牙盘，传动升级,匹配原厂链条规格520/牙盘安装位,同平台部分通用,更换后需校对链条松紧度与前后齿对齐,RK 日本,GXW 520 油封链条,1905,约10.4（520标准总宽）,约12.7（520标准板高）,6.35,不适用,15.875,不适用,约1.5-2（整条，以实物为准）,合金钢油封链条,黄金/银/黑可选,https://img.alicdn.com/imgextra/i2/2604508095/O1CN01pRZkvA29fZ0g2T2DY_!!2604508095.png,,,,电商商品图：520油封链条（白底产品图）,正视图/侧视图/俯视图，png，1024×1024,未标注，需按实车估算,合金钢油封链条，黄金/银/黑可选,商品图，版权归商家,未证明适配春风 250SR 单摇臂版 2025；链条牙盘需按实车核对安装位,需专业截链器安装，需匹配牙盘齿数,350,RK Excel官网,https://www.rkexcel.com,DID前后牙盘套装，钢制后牙盘+铝合金前小飞，轻量化，传动效率高，多种齿数可选
春风 250SR 单摇臂版 2025,39,链条牙盘,高,传动升级件，需校对链条松紧,520规格油封链条+轻量化牙盘，传动升级,匹配原厂链条规格520/牙盘安装位,同平台部分通用,更换后需校对链条松紧度与前后齿对齐,RK 日本,ZVX 520 链条（X-ring）,1905,约10.4（520标准总宽）,约12.7（520标准板高）,6.35,不适用,15.875,不适用,约1.5-2（整条，以实物为准）,合金钢油封链条,黄金/银/黑可选,https://img.alicdn.com/i2/1690613588/O1CN018TDOMh1cNLn1f5mz7_!!1690613588.png,,,,电商商品图：520油封链条（白底产品图）,正视图/侧视图/俯视图，png，1024×1024,未标注，需按实车估算,合金钢油封链条，黄金/银/黑可选,商品图，版权归商家,未证明适配春风 250SR 单摇臂版 2025；链条牙盘需按实车核对安装位,需专业截链器安装，需匹配牙盘齿数,500,RK Excel官网,https://www.rkexcel.com,日本RK 520GXW油封链条，X-ring油封，低摩擦长寿命，多种颜色可选，120节
春风 250SR 单摇臂版 2025,40,链条牙盘,高,传动升级件，需校对链条松紧,520规格油封链条+轻量化牙盘，传动升级,匹配原厂链条规格520/牙盘安装位,同平台部分通用,更换后需校对链条松紧度与前后齿对齐,EK 日本,SRX2 520 油封链条,1905,约10.4（520标准总宽）,约12.7（520标准板高）,6.35,不适用,15.875,不适用,约1.5-2（整条，以实物为准）,合金钢油封链条,黄金/银/黑可选,https://img.alicdn.com/bao/uploaded/i3/1690613588/O1CN01sKXveV1cNLwjQoAKm_!!1690613588.jpg,,,,电商商品图：520油封链条（白底产品图）,正视图/侧视图/俯视图，png，1024×1024,未标注，需按实车估算,合金钢油封链条，黄金/银/黑可选,商品图，版权归商家,未证明适配春风 250SR 单摇臂版 2025；链条牙盘需按实车核对安装位,需专业截链器安装，需匹配牙盘齿数,380,EK Chain官网,https://www.ekchain.com,RK ZVX系列X-ring链条，顶级强度，超低摩擦，赛道级性能，多种颜色，120节
春风 250SR 单摇臂版 2025,41,链条牙盘,高,传动升级件，需校对链条松紧,520规格油封链条+轻量化牙盘，传动升级,匹配原厂链条规格520/牙盘安装位,同平台部分通用,更换后需校对链条松紧度与前后齿对齐,EK 日本,MVXZ 520 链条,1905,约10.4（520标准总宽）,约12.7（520标准板高）,6.35,不适用,15.875,不适用,约1.5-2（整条，以实物为准）,合金钢油封链条,黄金/银/黑可选,https://img.alicdn.com/bao/uploaded/i2/1594581565/O1CN01eGdyi51NQoh3D1dkm_!!0-item_pic.jpg,,,,电商商品图：520油封链条（白底产品图）,正视图/侧视图/俯视图，png，1024×1024,未标注，需按实车估算,合金钢油封链条，黄金/银/黑可选,商品图，版权归商家,未证明适配春风 250SR 单摇臂版 2025；链条牙盘需按实车核对安装位,需专业截链器安装，需匹配牙盘齿数,580,EK Chain官网,https://www.ekchain.com,日本EK SRX2系列油封链条，Q-ring油封，低摩擦长寿命，性价比高，120节
春风 250SR 单摇臂版 2025,42,链条牙盘,高,传动升级件，需校对链条松紧,520规格油封链条+轻量化牙盘，传动升级,匹配原厂链条规格520/牙盘安装位,同平台部分通用,更换后需校对链条松紧度与前后齿对齐,征和,X圈油封链条 520,1905,约10.4（520标准总宽）,约12.7（520标准板高）,6.35,不适用,15.875,不适用,约1.5-2（整条，以实物为准）,合金钢油封链条,黄金/银/黑可选,https://img.alicdn.com/imgextra/i2/2604508095/O1CN01pRZkvA29fZ0g2T2DY_!!2604508095.png,,,,电商商品图：520油封链条（白底产品图）,正视图/侧视图/俯视图，png，1024×1024,未标注，需按实车估算,合金钢油封链条，黄金/银/黑可选,商品图，版权归商家,未证明适配春风 250SR 单摇臂版 2025；链条牙盘需按实车核对安装位,需专业截链器安装，需匹配牙盘齿数,180,天猫征和链条官方旗舰店,https://zhenghe.tmall.com,中国征和X圈油封链条，国产精品，X-ring油封，低摩擦长寿命，性价比极高，120节
春风 250SR 单摇臂版 2025,43,链条牙盘,高,传动升级件，需校对链条松紧,520规格油封链条+轻量化牙盘，传动升级；原厂齿比：小飞14T/后牙盘41T,匹配原厂链条规格520/牙盘安装位,同平台部分通用,更换后需校对链条松紧度与前后齿对齐,AFAM 西班牙,轻量化后牙盘（钢制）,不适用（外径见P外径）,约5-8（厚度，以实物为准）,不适用（厚度见M）,随车型（以实物为准）,约200-230（随齿数，以实物为准）,随安装位（以实物为准）,约5-6（安装孔，以实物为准）,约0.5-1（以实物为准）,热处理合金钢,黑色,https://img.alicdn.com/bao/uploaded/i3/1690613588/O1CN01sKXveV1cNLwjQoAKm_!!1690613588.jpg,,,,电商商品图：后牙盘/链轮（白底产品图）,正视图/侧视图/俯视图，png，1024×1024,未标注，需按实车估算,热处理合金钢，黑色,商品图，版权归商家,未证明适配春风 250SR 单摇臂版 2025；链条牙盘需按实车核对安装位,需匹配原厂安装位，专业工具安装,380,AFAM西班牙官网,https://www.afam.it,征和前后牙盘套装，钢制后牙盘+前小飞，热处理工艺，耐磨强度高，多种齿数
春风 250SR 单摇臂版 2025,44,链条牙盘,高,传动升级件，需校对链条松紧,520规格油封链条+轻量化牙盘，传动升级；原厂齿比：小飞14T/后牙盘41T,匹配原厂链条规格520/牙盘安装位,同平台部分通用,更换后需校对链条松紧度与前后齿对齐,AFAM 西班牙,前小飞轮,不适用（外径见P外径）,约7-10（齿宽，以实物为准）,不适用,随车型（以实物为准）,约60-80（随齿数，以实物为准）,15.875,不适用,约0.2-0.4（以实物为准）,热处理合金钢,钢本色/黑色可选,https://img.alicdn.com/bao/uploaded/i2/1594581565/O1CN01eGdyi51NQoh3D1dkm_!!0-item_pic.jpg,,,,淘宝商品图：前小飞轮（白底产品图）,正视图/侧视图/俯视图，png，1024×1024,未标注，需按实车估算,热处理合金钢，钢本色/黑色涂装,商品图，版权归商家,未证明适配春风 250SR 单摇臂版 2025；链条牙盘需按实车核对安装位,需匹配原厂输出轴，专业工具安装,120,AFAM西班牙官网,https://www.afam.it,西班牙AFAM轻量化钢制后牙盘，RLK系列，镂空设计减重，热处理耐磨，多种齿数
春风 250SR 单摇臂版 2025,45,链条牙盘,高,传动升级件，需校对链条松紧,520规格油封链条+轻量化牙盘，传动升级；原厂齿比：小飞14T/后牙盘41T,匹配原厂链条规格520/牙盘安装位,同平台部分通用,更换后需校对链条松紧度与前后齿对齐,DID 日本大同,前后牙盘套装,不适用（外径见P外径）,约5-8（厚度，以实物为准）,不适用（厚度见M）,随车型（以实物为准）,约200-230（随齿数，以实物为准）,随安装位（以实物为准）,约5-6（安装孔，以实物为准）,约0.5-1（以实物为准）,热处理合金钢,黑色,http://cdn.shopify.com/s/files/1/0614/8253/3026/products/520VX3_Steel_P.jpg?crop=center&height=1200&v=1751289083&width=1200,,,,电商商品图：后牙盘/链轮（白底产品图）,正视图/侧视图/俯视图，png，1024×1024,未标注，需按实车估算,热处理合金钢，黑色,商品图，版权归商家,未证明适配春风 250SR 单摇臂版 2025；链条牙盘需按实车核对安装位,需匹配原厂安装位，专业工具安装,680,DID链条官网,https://www.didchain.com/collections/didchains,AFAM前小飞轮，钢制热处理，耐磨强度高，多种齿数可选（13-16齿），提升加速
春风 450SR 2025,36,链条牙盘,高,传动升级件，需校对链条松紧,520规格油封链条+轻量化牙盘，传动升级,匹配原厂链条规格520/牙盘安装位,同平台部分通用,更换后需校对链条松紧度与前后齿对齐,DID 日本大同,VX3 520 油封链条（黄金）,1905,约10.4（520标准总宽）,约12.7（520标准板高）,6.35,不适用,15.875,不适用,约1.5-2（整条，以实物为准）,合金钢油封链条,黄金/银/黑可选,http://cdn.shopify.com/s/files/1/0614/8253/3026/products/520VX3_Steel_P.jpg?crop=center&height=1200&v=1751289083&width=1200,,,,电商商品图：520油封链条（白底产品图）,正视图/侧视图/俯视图，png，1024×1024,未标注，需按实车估算,合金钢油封链条，黄金/银/黑可选,商品图，版权归商家,未证明适配春风 450SR 2025；链条牙盘需按实车核对安装位,需专业截链器安装，需匹配牙盘齿数,550,DID链条官网,https://www.didchain.com/collections/didchains,日本DID 520VX3黄金油封链条，G&G油封，低摩擦长寿命，赛道级强度，120节
春风 450SR 2025,37,链条牙盘,高,传动升级件，需校对链条松紧,520规格油封链条+轻量化牙盘，传动升级,匹配原厂链条规格520/牙盘安装位,同平台部分通用,更换后需校对链条松紧度与前后齿对齐,DID 日本大同,ZVM-X 520 链条（顶级）,1905,约10.4（520标准总宽）,约12.7（520标准板高）,6.35,不适用,15.875,不适用,约1.5-2（整条，以实物为准）,合金钢油封链条,黄金/银/黑可选,http://cdn.shopify.com/s/files/1/0614/8253/3026/products/520VX3_Steel_P.jpg?crop=center&height=1200&v=1751289083&width=1200,,,,电商商品图：520油封链条（白底产品图）,正视图/侧视图/俯视图，png，1024×1024,未标注，需按实车估算,合金钢油封链条，黄金/银/黑可选,商品图，版权归商家,未证明适配春风 450SR 2025；链条牙盘需按实车核对安装位,需专业截链器安装，需匹配牙盘齿数,850,DID链条官网,https://www.didchain.com/collections/didchains,DID ZVM-X顶级链条，X-ring油封，超低摩擦，超高强度，MotoGP技术下放，120节
春风 450SR 2025,38,链条牙盘,高,传动升级件，需校对链条松紧,520规格油封链条+轻量化牙盘，传动升级,匹配原厂链条规格520/牙盘安装位,同平台部分通用,更换后需校对链条松紧度与前后齿对齐,RK 日本,GXW 520 油封链条,1905,约10.4（520标准总宽）,约12.7（520标准板高）,6.35,不适用,15.875,不适用,约1.5-2（整条，以实物为准）,合金钢油封链条,黄金/银/黑可选,https://img.alicdn.com/bao/uploaded/i3/1690613588/O1CN01sKXveV1cNLwjQoAKm_!!1690613588.jpg,,,,电商商品图：520油封链条（白底产品图）,正视图/侧视图/俯视图，png，1024×1024,未标注，需按实车估算,合金钢油封链条，黄金/银/黑可选,商品图，版权归商家,未证明适配春风 450SR 2025；链条牙盘需按实车核对安装位,需专业截链器安装，需匹配牙盘齿数,350,RK Excel官网,https://www.rkexcel.com,DID前后牙盘套装，钢制后牙盘+铝合金前小飞，轻量化，传动效率高，多种齿数可选
春风 450SR 2025,39,链条牙盘,高,传动升级件，需校对链条松紧,520规格油封链条+轻量化牙盘，传动升级,匹配原厂链条规格520/牙盘安装位,同平台部分通用,更换后需校对链条松紧度与前后齿对齐,RK 日本,ZVX 520 链条（X-ring）,1905,约10.4（520标准总宽）,约12.7（520标准板高）,6.35,不适用,15.875,不适用,约1.5-2（整条，以实物为准）,合金钢油封链条,黄金/银/黑可选,https://img.alicdn.com/bao/uploaded/i2/1594581565/O1CN01eGdyi51NQoh3D1dkm_!!0-item_pic.jpg,,,,电商商品图：520油封链条（白底产品图）,正视图/侧视图/俯视图，png，1024×1024,未标注，需按实车估算,合金钢油封链条，黄金/银/黑可选,商品图，版权归商家,未证明适配春风 450SR 2025；链条牙盘需按实车核对安装位,需专业截链器安装，需匹配牙盘齿数,500,RK Excel官网,https://www.rkexcel.com,日本RK 520GXW油封链条，X-ring油封，低摩擦长寿命，多种颜色可选，120节
春风 450SR 2025,40,链条牙盘,高,传动升级件，需校对链条松紧,520规格油封链条+轻量化牙盘，传动升级,匹配原厂链条规格520/牙盘安装位,同平台部分通用,更换后需校对链条松紧度与前后齿对齐,EK 日本,SRX2 520 油封链条,1905,约10.4（520标准总宽）,约12.7（520标准板高）,6.35,不适用,15.875,不适用,约1.5-2（整条，以实物为准）,合金钢油封链条,黄金/银/黑可选,https://img.alicdn.com/imgextra/i2/2604508095/O1CN01pRZkvA29fZ0g2T2DY_!!2604508095.png,,,,电商商品图：520油封链条（白底产品图）,正视图/侧视图/俯视图，png，1024×1024,未标注，需按实车估算,合金钢油封链条，黄金/银/黑可选,商品图，版权归商家,未证明适配春风 450SR 2025；链条牙盘需按实车核对安装位,需专业截链器安装，需匹配牙盘齿数,436,EK Chain官网,https://www.ekchain.com,RK ZVX系列X-ring链条，顶级强度，超低摩擦，赛道级性能，多种颜色，120节
春风 450SR 2025,41,链条牙盘,高,传动升级件，需校对链条松紧,520规格油封链条+轻量化牙盘，传动升级,匹配原厂链条规格520/牙盘安装位,同平台部分通用,更换后需校对链条松紧度与前后齿对齐,EK 日本,MVXZ 520 链条,1905,约10.4（520标准总宽）,约12.7（520标准板高）,6.35,不适用,15.875,不适用,约1.5-2（整条，以实物为准）,合金钢油封链条,黄金/银/黑可选,https://img.alicdn.com/i2/1690613588/O1CN018TDOMh1cNLn1f5mz7_!!1690613588.png,,,,电商商品图：520油封链条（白底产品图）,正视图/侧视图/俯视图，png，1024×1024,未标注，需按实车估算,合金钢油封链条，黄金/银/黑可选,商品图，版权归商家,未证明适配春风 450SR 2025；链条牙盘需按实车核对安装位,需专业截链器安装，需匹配牙盘齿数,667,EK Chain官网,https://www.ekchain.com,日本EK SRX2系列油封链条，Q-ring油封，低摩擦长寿命，性价比高，120节
春风 450SR 2025,42,链条牙盘,高,传动升级件，需校对链条松紧,520规格油封链条+轻量化牙盘，传动升级,匹配原厂链条规格520/牙盘安装位,同平台部分通用,更换后需校对链条松紧度与前后齿对齐,征和,X圈油封链条 520,1905,约10.4（520标准总宽）,约12.7（520标准板高）,6.35,不适用,15.875,不适用,约1.5-2（整条，以实物为准）,合金钢油封链条,黄金/银/黑可选,https://img.alicdn.com/bao/uploaded/i3/1690613588/O1CN01sKXveV1cNLwjQoAKm_!!1690613588.jpg,,,,电商商品图：520油封链条（白底产品图）,正视图/侧视图/俯视图，png，1024×1024,未标注，需按实车估算,合金钢油封链条，黄金/银/黑可选,商品图，版权归商家,未证明适配春风 450SR 2025；链条牙盘需按实车核对安装位,需专业截链器安装，需匹配牙盘齿数,206,天猫征和链条官方旗舰店,https://zhenghe.tmall.com,中国征和X圈油封链条，国产精品，X-ring油封，低摩擦长寿命，性价比极高，120节
春风 450SR 2025,43,链条牙盘,高,传动升级件，需校对链条松紧,520规格油封链条+轻量化牙盘，传动升级；原厂齿比：小飞14T/后牙盘41T,匹配原厂链条规格520/牙盘安装位,同平台部分通用,更换后需校对链条松紧度与前后齿对齐,AFAM 西班牙,轻量化后牙盘（钢制）,不适用（外径见P外径）,约5-8（厚度，以实物为准）,不适用（厚度见M）,随车型（以实物为准）,约200-230（随齿数，以实物为准）,随安装位（以实物为准）,约5-6（安装孔，以实物为准）,约0.5-1（以实物为准）,热处理合金钢,黑色,https://img.alicdn.com/imgextra/i2/2604508095/O1CN01pRZkvA29fZ0g2T2DY_!!2604508095.png,,,,电商商品图：后牙盘/链轮（白底产品图）,正视图/侧视图/俯视图，png，1024×1024,未标注，需按实车估算,热处理合金钢，黑色,商品图，版权归商家,未证明适配春风 450SR 2025；链条牙盘需按实车核对安装位,需匹配原厂安装位，专业工具安装,436,AFAM西班牙官网,https://www.afam.it,征和前后牙盘套装，钢制后牙盘+前小飞，热处理工艺，耐磨强度高，多种齿数
春风 450SR 2025,44,链条牙盘,高,传动升级件，需校对链条松紧,520规格油封链条+轻量化牙盘，传动升级；原厂齿比：小飞14T/后牙盘41T,匹配原厂链条规格520/牙盘安装位,同平台部分通用,更换后需校对链条松紧度与前后齿对齐,AFAM 西班牙,前小飞轮,不适用（外径见P外径）,约7-10（齿宽，以实物为准）,不适用,随车型（以实物为准）,约60-80（随齿数，以实物为准）,15.875,不适用,约0.2-0.4（以实物为准）,热处理合金钢,钢本色/黑色可选,https://img.alicdn.com/i2/1690613588/O1CN018TDOMh1cNLn1f5mz7_!!1690613588.png,,,,淘宝商品图：前小飞轮（白底产品图）,正视图/侧视图/俯视图，png，1024×1024,未标注，需按实车估算,热处理合金钢，钢本色/黑色涂装,商品图，版权归商家,未证明适配春风 450SR 2025；链条牙盘需按实车核对安装位,需匹配原厂输出轴，专业工具安装,138,AFAM西班牙官网,https://www.afam.it,西班牙AFAM轻量化钢制后牙盘，RLK系列，镂空设计减重，热处理耐磨，多种齿数
春风 450SR 2025,45,链条牙盘,高,传动升级件，需校对链条松紧,520规格油封链条+轻量化牙盘，传动升级；原厂齿比：小飞14T/后牙盘41T,匹配原厂链条规格520/牙盘安装位,同平台部分通用,更换后需校对链条松紧度与前后齿对齐,DID 日本大同,前后牙盘套装,不适用（外径见P外径）,约5-8（厚度，以实物为准）,不适用（厚度见M）,随车型（以实物为准）,约200-230（随齿数，以实物为准）,随安装位（以实物为准）,约5-6（安装孔，以实物为准）,约0.5-1（以实物为准）,热处理合金钢,黑色,http://cdn.shopify.com/s/files/1/0614/8253/3026/products/520VX3_Steel_P.jpg?crop=center&height=1200&v=1751289083&width=1200,,,,电商商品图：后牙盘/链轮（白底产品图）,正视图/侧视图/俯视图，png，1024×1024,未标注，需按实车估算,热处理合金钢，黑色,商品图，版权归商家,未证明适配春风 450SR 2025；链条牙盘需按实车核对安装位,需匹配原厂安装位，专业工具安装,781,DID链条官网,https://www.didchain.com/collections/didchains,AFAM前小飞轮，钢制热处理，耐磨强度高，多种齿数可选（13-16齿），提升加速
春风 675SR-R 2024,36,链条牙盘,高,传动升级件，需校对链条松紧,520规格油封链条+轻量化牙盘，传动升级,匹配原厂链条规格520/牙盘安装位,同平台部分通用,更换后需校对链条松紧度与前后齿对齐,DID 日本大同,VX3 520 油封链条（黄金）,1905,约10.4（520标准总宽）,约12.7（520标准板高）,6.35,不适用,15.875,不适用,约1.5-2（整条，以实物为准）,合金钢油封链条,黄金/银/黑可选,http://cdn.shopify.com/s/files/1/0614/8253/3026/products/520VX3_Steel_P.jpg?crop=center&height=1200&v=1751289083&width=1200,,,,电商商品图：520油封链条（白底产品图）,正视图/侧视图/俯视图，png，1024×1024,未标注，需按实车估算,合金钢油封链条，黄金/银/黑可选,商品图，版权归商家,未证明适配春风 675SR-R 2024；链条牙盘需按实车核对安装位,需专业截链器安装，需匹配牙盘齿数,550,DID链条官网,https://www.didchain.com/collections/didchains,日本DID 520VX3黄金油封链条，G&G油封，低摩擦长寿命，赛道级强度，120节
春风 675SR-R 2024,37,链条牙盘,高,传动升级件，需校对链条松紧,520规格油封链条+轻量化牙盘，传动升级,匹配原厂链条规格520/牙盘安装位,同平台部分通用,更换后需校对链条松紧度与前后齿对齐,DID 日本大同,ZVM-X 520 链条（顶级）,1905,约10.4（520标准总宽）,约12.7（520标准板高）,6.35,不适用,15.875,不适用,约1.5-2（整条，以实物为准）,合金钢油封链条,黄金/银/黑可选,http://cdn.shopify.com/s/files/1/0614/8253/3026/products/520VX3_Steel_P.jpg?crop=center&height=1200&v=1751289083&width=1200,,,,电商商品图：520油封链条（白底产品图）,正视图/侧视图/俯视图，png，1024×1024,未标注，需按实车估算,合金钢油封链条，黄金/银/黑可选,商品图，版权归商家,未证明适配春风 675SR-R 2024；链条牙盘需按实车核对安装位,需专业截链器安装，需匹配牙盘齿数,850,DID链条官网,https://www.didchain.com/collections/didchains,DID ZVM-X顶级链条，X-ring油封，超低摩擦，超高强度，MotoGP技术下放，120节
春风 675SR-R 2024,38,链条牙盘,高,传动升级件，需校对链条松紧,520规格油封链条+轻量化牙盘，传动升级,匹配原厂链条规格520/牙盘安装位,同平台部分通用,更换后需校对链条松紧度与前后齿对齐,RK 日本,GXW 520 油封链条,1905,约10.4（520标准总宽）,约12.7（520标准板高）,6.35,不适用,15.875,不适用,约1.5-2（整条，以实物为准）,合金钢油封链条,黄金/银/黑可选,https://img.alicdn.com/imgextra/i2/2604508095/O1CN01pRZkvA29fZ0g2T2DY_!!2604508095.png,,,,电商商品图：520油封链条（白底产品图）,正视图/侧视图/俯视图，png，1024×1024,未标注，需按实车估算,合金钢油封链条，黄金/银/黑可选,商品图，版权归商家,未证明适配春风 675SR-R 2024；链条牙盘需按实车核对安装位,需专业截链器安装，需匹配牙盘齿数,350,RK Excel官网,https://www.rkexcel.com,DID前后牙盘套装，钢制后牙盘+铝合金前小飞，轻量化，传动效率高，多种齿数可选
春风 675SR-R 2024,39,链条牙盘,高,传动升级件，需校对链条松紧,520规格油封链条+轻量化牙盘，传动升级,匹配原厂链条规格520/牙盘安装位,同平台部分通用,更换后需校对链条松紧度与前后齿对齐,RK 日本,ZVX 520 链条（X-ring）,1905,约10.4（520标准总宽）,约12.7（520标准板高）,6.35,不适用,15.875,不适用,约1.5-2（整条，以实物为准）,合金钢油封链条,黄金/银/黑可选,https://img.alicdn.com/i2/1690613588/O1CN018TDOMh1cNLn1f5mz7_!!1690613588.png,,,,电商商品图：520油封链条（白底产品图）,正视图/侧视图/俯视图，png，1024×1024,未标注，需按实车估算,合金钢油封链条，黄金/银/黑可选,商品图，版权归商家,未证明适配春风 675SR-R 2024；链条牙盘需按实车核对安装位,需专业截链器安装，需匹配牙盘齿数,500,RK Excel官网,https://www.rkexcel.com,日本RK 520GXW油封链条，X-ring油封，低摩擦长寿命，多种颜色可选，120节
春风 675SR-R 2024,40,链条牙盘,高,传动升级件，需校对链条松紧,520规格油封链条+轻量化牙盘，传动升级,匹配原厂链条规格520/牙盘安装位,同平台部分通用,更换后需校对链条松紧度与前后齿对齐,EK 日本,SRX2 520 油封链条,1905,约10.4（520标准总宽）,约12.7（520标准板高）,6.35,不适用,15.875,不适用,约1.5-2（整条，以实物为准）,合金钢油封链条,黄金/银/黑可选,https://img.alicdn.com/bao/uploaded/i3/1690613588/O1CN01sKXveV1cNLwjQoAKm_!!1690613588.jpg,,,,电商商品图：520油封链条（白底产品图）,正视图/侧视图/俯视图，png，1024×1024,未标注，需按实车估算,合金钢油封链条，黄金/银/黑可选,商品图，版权归商家,未证明适配春风 675SR-R 2024；链条牙盘需按实车核对安装位,需专业截链器安装，需匹配牙盘齿数,475,EK Chain官网,https://www.ekchain.com,RK ZVX系列X-ring链条，顶级强度，超低摩擦，赛道级性能，多种颜色，120节
春风 675SR-R 2024,41,链条牙盘,高,传动升级件，需校对链条松紧,520规格油封链条+轻量化牙盘，传动升级,匹配原厂链条规格520/牙盘安装位,同平台部分通用,更换后需校对链条松紧度与前后齿对齐,EK 日本,MVXZ 520 链条,1905,约10.4（520标准总宽）,约12.7（520标准板高）,6.35,不适用,15.875,不适用,约1.5-2（整条，以实物为准）,合金钢油封链条,黄金/银/黑可选,https://img.alicdn.com/bao/uploaded/i2/1594581565/O1CN01eGdyi51NQoh3D1dkm_!!0-item_pic.jpg,,,,电商商品图：520油封链条（白底产品图）,正视图/侧视图/俯视图，png，1024×1024,未标注，需按实车估算,合金钢油封链条，黄金/银/黑可选,商品图，版权归商家,未证明适配春风 675SR-R 2024；链条牙盘需按实车核对安装位,需专业截链器安装，需匹配牙盘齿数,725,EK Chain官网,https://www.ekchain.com,日本EK SRX2系列油封链条，Q-ring油封，低摩擦长寿命，性价比高，120节
春风 675SR-R 2024,42,链条牙盘,高,传动升级件，需校对链条松紧,520规格油封链条+轻量化牙盘，传动升级,匹配原厂链条规格520/牙盘安装位,同平台部分通用,更换后需校对链条松紧度与前后齿对齐,征和,X圈油封链条 520,1905,约10.4（520标准总宽）,约12.7（520标准板高）,6.35,不适用,15.875,不适用,约1.5-2（整条，以实物为准）,合金钢油封链条,黄金/银/黑可选,https://img.alicdn.com/imgextra/i2/2604508095/O1CN01pRZkvA29fZ0g2T2DY_!!2604508095.png,,,,电商商品图：520油封链条（白底产品图）,正视图/侧视图/俯视图，png，1024×1024,未标注，需按实车估算,合金钢油封链条，黄金/银/黑可选,商品图，版权归商家,未证明适配春风 675SR-R 2024；链条牙盘需按实车核对安装位,需专业截链器安装，需匹配牙盘齿数,225,天猫征和链条官方旗舰店,https://zhenghe.tmall.com,中国征和X圈油封链条，国产精品，X-ring油封，低摩擦长寿命，性价比极高，120节
春风 675SR-R 2024,43,链条牙盘,高,传动升级件，需校对链条松紧,520规格油封链条+轻量化牙盘，传动升级；原厂齿比：小飞15T/后牙盘48T,匹配原厂链条规格520/牙盘安装位,同平台部分通用,更换后需校对链条松紧度与前后齿对齐,AFAM 西班牙,轻量化后牙盘（钢制）,不适用（外径见P外径）,约5-8（厚度，以实物为准）,不适用（厚度见M）,随车型（以实物为准）,约200-230（随齿数，以实物为准）,随安装位（以实物为准）,约5-6（安装孔，以实物为准）,约0.5-1（以实物为准）,热处理合金钢,黑色,https://img.alicdn.com/bao/uploaded/i3/1690613588/O1CN01sKXveV1cNLwjQoAKm_!!1690613588.jpg,,,,电商商品图：后牙盘/链轮（白底产品图）,正视图/侧视图/俯视图，png，1024×1024,未标注，需按实车估算,热处理合金钢，黑色,商品图，版权归商家,未证明适配春风 675SR-R 2024；链条牙盘需按实车核对安装位,需匹配原厂安装位，专业工具安装,475,AFAM西班牙官网,https://www.afam.it,征和前后牙盘套装，钢制后牙盘+前小飞，热处理工艺，耐磨强度高，多种齿数
春风 675SR-R 2024,44,链条牙盘,高,传动升级件，需校对链条松紧,520规格油封链条+轻量化牙盘，传动升级；原厂齿比：小飞15T/后牙盘48T,匹配原厂链条规格520/牙盘安装位,同平台部分通用,更换后需校对链条松紧度与前后齿对齐,AFAM 西班牙,前小飞轮,不适用（外径见P外径）,约7-10（齿宽，以实物为准）,不适用,随车型（以实物为准）,约60-80（随齿数，以实物为准）,15.875,不适用,约0.2-0.4（以实物为准）,热处理合金钢,钢本色/黑色可选,https://img.alicdn.com/bao/uploaded/i2/1594581565/O1CN01eGdyi51NQoh3D1dkm_!!0-item_pic.jpg,,,,淘宝商品图：前小飞轮（白底产品图）,正视图/侧视图/俯视图，png，1024×1024,未标注，需按实车估算,热处理合金钢，钢本色/黑色涂装,商品图，版权归商家,未证明适配春风 675SR-R 2024；链条牙盘需按实车核对安装位,需匹配原厂输出轴，专业工具安装,150,AFAM西班牙官网,https://www.afam.it,西班牙AFAM轻量化钢制后牙盘，RLK系列，镂空设计减重，热处理耐磨，多种齿数
春风 675SR-R 2024,45,链条牙盘,高,传动升级件，需校对链条松紧,520规格油封链条+轻量化牙盘，传动升级；原厂齿比：小飞15T/后牙盘48T,匹配原厂链条规格520/牙盘安装位,同平台部分通用,更换后需校对链条松紧度与前后齿对齐,DID 日本大同,前后牙盘套装,不适用（外径见P外径）,约5-8（厚度，以实物为准）,不适用（厚度见M）,随车型（以实物为准）,约200-230（随齿数，以实物为准）,随安装位（以实物为准）,约5-6（安装孔，以实物为准）,约0.5-1（以实物为准）,热处理合金钢,黑色,http://cdn.shopify.com/s/files/1/0614/8253/3026/products/520VX3_Steel_P.jpg?crop=center&height=1200&v=1751289083&width=1200,,,,电商商品图：后牙盘/链轮（白底产品图）,正视图/侧视图/俯视图，png，1024×1024,未标注，需按实车估算,热处理合金钢，黑色,商品图，版权归商家,未证明适配春风 675SR-R 2024；链条牙盘需按实车核对安装位,需匹配原厂安装位，专业工具安装,850,DID链条官网,https://www.didchain.com/collections/didchains,AFAM前小飞轮，钢制热处理，耐磨强度高，多种齿数可选（13-16齿），提升加速
