摩托品牌,可改配件,配件品牌,配件型号,安装条件,参考价格,source,sourceUrl,imageUrl,描述
春风 250SR 单摇臂版 2025,全段排气,火刃（HUOREN）,单摇臂版 钛合金全段排气,需配合 ECU 调校，需拆除原厂全段排气,1200,淘宝火刃HUOREN官方店,https://huoren.tmall.com,https://img.alicdn.com/imgextra/i1/2200692679397/O1CN01qw1P9E2JHsQaML1a1_!!2200692679397.jpg,钛合金全段，带碳纤维尾盖，减重2.3kg，需配合ECU调校
春风 250SR 单摇臂版 2025,全段排气,火刃（HUOREN）,全段不锈钢排气,需配合 ECU 调校，需拆除原厂全段排气,800,淘宝火刃HUOREN官方店,https://huoren.tmall.com,https://img.alicdn.com/bao/uploaded/i3/2297654694/O1CN0101drsV1kXtpz72TqS_!!2297654694.jpg,天蝎不锈钢全段，耐用抗腐蚀，声浪浑厚，性价比高于钛合金版
春风 250SR 单摇臂版 2025,全段排气,Yoshimura 吉村,R77 大四角全段排气,需配合 ECU 调校，需拆除原厂全段排气,4500,Yoshimura吉村美国官网,https://www.yoshimura-rd.com,https://img.alicdn.com/imgextra/i2/2217995830151/O1CN01jj2Yha1CzCqQzSODI_!!2217995830151.jpg,日本吉村R77大四角，碳纤维尾盖，浑厚低音，无损安装，带DB Killer
春风 250SR 单摇臂版 2025,全段排气,Yoshimura 吉村,Alpha T 全段排气,需配合 ECU 调校，需拆除原厂全段排气,5200,Yoshimura吉村美国官网,https://www.yoshimura-rd.com,https://img1.bitauto.com/appimage-630-w1/news/2021/12/13/4df8291707544481ae92bbec5c302334.jpg,吉村Alpha T全段，椭圆碳纤维尾嘴，造型独特，声浪低沉有力
春风 250SR 单摇臂版 2025,全段排气,IXIL 亿西尔,OVS6 全段排气,需配合 ECU 调校，需拆除原厂全段排气,2200,IXIL亿西尔官网,https://www.ixil.com,https://img.alicdn.com/imgextra/i1/552579775/O1CN01IFU87c2M50Zfqa1kJ_!!552579775.jpg,西班牙IXIL OVS6赛车级全段，双出设计，低扭提升明显，带消音塞
春风 250SR 单摇臂版 2025,全段排气,IXIL 亿西尔,X55 全段排气,需配合 ECU 调校，需拆除原厂全段排气,2600,IXIL亿西尔官网,https://www.ixil.com,https://img.alicdn.com/imgextra/i1/552579775/O1CN01IFU87c2M50Zfqa1kJ_!!552579775.jpg,IXIL X55全段，单出椭圆尾嘴，高转表现优异，声浪高亢，性价比高
春风 250SR 单摇臂版 2025,全段排气,VANHOOL 万虎,钛合金全段底排,需配合 ECU 调校，需拆除原厂全段排气,3500,天猫万虎VANHOOL官方旗舰店,https://vanhool.tmall.com,https://img.alicdn.com/imgextra/i1/2200692679397/O1CN01qw1P9E2JHsQaML1a1_!!2200692679397.jpg,中国台湾万虎，钛合金全段底排，音浪低沉比赛级，减重明显
春风 250SR 单摇臂版 2025,全段排气,VANHOOL 万虎,不锈钢全段排气,需配合 ECU 调校，需拆除原厂全段排气,2500,天猫万虎VANHOOL官方旗舰店,https://vanhool.tmall.com,https://img.alicdn.com/bao/uploaded/i3/2297654694/O1CN0101drsV1kXtpz72TqS_!!2297654694.jpg,万虎不锈钢全段，耐用抗腐蚀，低沉回压声浪，价格低于钛合金版
春风 250SR 单摇臂版 2025,全段排气,MIVV 恶魔管,小魔鬼短款全段排气,需配合 ECU 调校，需拆除原厂全段排气,1800,MIVV官网,https://www.mivv.com,https://img.alicdn.com/imgextra/i2/2217995830151/O1CN01jj2Yha1CzCqQzSODI_!!2217995830151.jpg,意大利MIVV恶魔管造型，小魔鬼短款全黑色，炸街声浪，带消音塞
春风 250SR 单摇臂版 2025,全段排气,MIVV 恶魔管,小魔鬼长款全段排气,需配合 ECU 调校，需拆除原厂全段排气,2200,MIVV官网,https://www.mivv.com,https://img1.bitauto.com/appimage-630-w1/news/2021/12/13/4df8291707544481ae92bbec5c302334.jpg,MIVV小魔鬼长款，银色仿碳头，造型更战斗，声浪比短款更浑厚
春风 250SR 单摇臂版 2025,尾端排气,火刃（HUOREN）,尾段碳纤维排气,无损安装，直接替换原厂尾段,600,淘宝火刃HUOREN官方店,https://huoren.tmall.com,https://img.alicdn.com/imgextra/i1/2682526870/O1CN01XdjPIk20cVsRAfFrN_!!2682526870.jpg,天蝎碳纤维尾段，轻量化，高亢声浪，保留原厂前段直接安装
春风 250SR 单摇臂版 2025,尾端排气,Yoshimura 吉村,R77 尾段排气,无损安装，直接替换原厂尾段,3200,Yoshimura吉村美国官网,https://www.yoshimura-rd.com,https://img.alicdn.com/bao/uploaded/i4/2219958837433/O1CN01VzfsEy1if6vLqo1Bf_!!0-item_pic.jpg,吉村R77尾段，大四角造型，碳纤维/不锈钢可选，直接替换原厂尾段
春风 250SR 单摇臂版 2025,尾端排气,IXIL 亿西尔,OVS6 尾段排气,无损安装，直接替换原厂尾段,1500,IXIL亿西尔官网,https://www.ixil.com,https://img.alicdn.com/imgextra/i4/1044455896/O1CN0135vr8X1tQQBjGEbav_!!1044455896.jpg,IXIL OVS6尾段，双出设计，低扭提升，带消音塞，保留原厂前段
春风 250SR 单摇臂版 2025,尾端排气,VANHOOL 万虎,钛合金尾段排气,无损安装，直接替换原厂尾段,1800,天猫万虎VANHOOL官方旗舰店,https://vanhool.tmall.com,https://img.alicdn.com/imgextra/i2/2180119250/O1CN012AueNY2ICYeH2hdod_!!2180119250.jpg,万虎钛合金尾段，低沉回压不炸街，轻量化，保留原厂前段直接安装
春风 250SR 单摇臂版 2025,尾端排气,MIVV 恶魔管,Speed Edge 尾段排气,无损安装，直接替换原厂尾段,1200,MIVV官网,https://www.mivv.com,https://img.alicdn.com/imgextra/i4/2180119250/O1CN01uk6tLR2ICYdk3YJF6_!!2180119250.jpg,MIVV Speed Edge尾段，菱形尾嘴，运动风格，低扭提升，带消音塞
春风 250SR 单摇臂版 2025,尾端排气,Yoshimura 吉村,R77 大四角尾段,无损安装，直接替换原厂尾段,3500,Yoshimura吉村美国官网,https://www.yoshimura-rd.com,https://gw.alicdn.com/imgextra/i2/1855735753/O1CN01g390UP1sMvKthP3YY_!!1855735753.jpg,吉村R77大四角尾段，碳纤维/不锈钢可选，浑厚低音，直接替换原厂尾段
春风 250SR 单摇臂版 2025,尾端排气,Yoshimura 吉村,Alpha 碳纤维尾段,无损安装，直接替换原厂尾段,3800,Yoshimura吉村美国官网,https://www.yoshimura-rd.com,https://img.alicdn.com/imgextra/i1/2682526870/O1CN01XdjPIk20cVsRAfFrN_!!2682526870.jpg,吉村Alpha碳纤维尾段，椭圆造型，轻量化，声浪低沉有力，颜值高
春风 250SR 单摇臂版 2025,尾端排气,Yoshimura 吉村,Triton 尾段排气,无损安装，直接替换原厂尾段,780,Yoshimura吉村美国官网,https://www.yoshimura-rd.com,https://img.alicdn.com/bao/uploaded/i4/2219958837433/O1CN01VzfsEy1if6vLqo1Bf_!!0-item_pic.jpg,吉村Triton尾段，锥形不锈钢尾嘴，赛道风格，高转声浪高亢
春风 250SR 单摇臂版 2025,尾端排气,IXIL 亿西尔,X55 尾段排气,无损安装，直接替换原厂尾段,1800,IXIL亿西尔官网,https://www.ixil.com,https://img.alicdn.com/imgextra/i2/2180119250/O1CN012AueNY2ICYeH2hdod_!!2180119250.jpg,IXIL X55尾段，单出椭圆尾嘴，高转表现优异，声浪高亢，性价比高
春风 250SR 单摇臂版 2025,尾端排气,IXIL 亿西尔,双出尾段排气,无损安装，直接替换原厂尾段,2000,IXIL亿西尔官网,https://www.ixil.com,https://img.alicdn.com/imgextra/i4/2180119250/O1CN01uk6tLR2ICYdk3YJF6_!!2180119250.jpg,IXIL双出尾段，左右对称设计，外观更战斗，声浪更浑厚，带双消音塞
春风 250SR 单摇臂版 2025,尾端排气,SC Project,SC Project 圆筒尾段 51mm,无损安装，直接替换原厂尾段,800,SC Project官网,https://www.sc-project.com,https://sc-project.com/wp-content/uploads/2026/07/Banner_Aprilia_Homepage_PC_2240x963_150ppi.png,SC Project圆筒尾段，51mm接口，黑色/钛色可选，炸街声浪，带DB Killer
春风 250SR 单摇臂版 2025,尾端排气,SC Project,SC Project 三角尾段,无损安装，直接替换原厂尾段,1000,SC Project官网,https://www.sc-project.com,https://sc-project.com/wp-content/uploads/2026/07/Banner_Aprilia_Homepage_PC_2240x963_150ppi.png,SC Project三角尾段，独特三角形尾嘴，赛道风格，声浪高亢炸裂
春风 250SR 单摇臂版 2025,尾端排气,SC Project,CR-T 尾段排气,无损安装，直接替换原厂尾段,1500,SC Project官网,https://www.sc-project.com,https://sc-project.com/wp-content/uploads/2026/07/Banner_Aprilia_Homepage_PC_2240x963_150ppi.png,SC CR-T尾段，碳纤维尾嘴，轻量化，赛道级声浪，颜值与性能兼备
春风 250SR 单摇臂版 2025,尾端排气,VANHOOL 万虎,VANHOOL 钛合金尾段,无损安装，直接替换原厂尾段,1800,天猫万虎VANHOOL官方旗舰店,https://vanhool.tmall.com,https://img.alicdn.com/imgextra/i4/1044455896/O1CN0135vr8X1tQQBjGEbav_!!1044455896.jpg,万虎钛合金尾段，低沉回压不炸街，轻量化，保留原厂前段直接安装
春风 250SR 单摇臂版 2025,尾端排气,VANHOOL 万虎,不锈钢尾段排气,无损安装，直接替换原厂尾段,1200,天猫万虎VANHOOL官方旗舰店,https://vanhool.tmall.com,https://img.alicdn.com/imgextra/i2/2180119250/O1CN012AueNY2ICYeH2hdod_!!2180119250.jpg,万虎不锈钢尾段，耐用抗腐蚀，低沉回压声浪，价格亲民，性价比高
春风 250SR 单摇臂版 2025,尾端排气,VANHOOL 万虎,回压尾段排气,无损安装，直接替换原厂尾段,1500,天猫万虎VANHOOL官方旗舰店,https://vanhool.tmall.com,https://img.alicdn.com/imgextra/i4/2180119250/O1CN01uk6tLR2ICYdk3YJF6_!!2180119250.jpg,万虎回压尾段，内置回压鼓，低扭提升明显，声浪低沉不扰民，适合日常通勤
春风 250SR 单摇臂版 2025,尾端排气,ARROW 箭牌,ARROW 箭牌 Indy-Race 尾段,无损安装，直接替换原厂尾段,1800,ARROW箭牌官网,https://www.arrow.it,https://www.arrow.it/img/newSiteImg/ProdAziend01.jpg,意大利ARROW箭牌尾段，不锈钢/黑色可选，自带消音可拆，赛道风格，高亢声浪
春风 250SR 单摇臂版 2025,尾端排气,ARROW 箭牌,X-Kone 尾段排气,无损安装，直接替换原厂尾段,1500,ARROW箭牌官网,https://www.arrow.it,https://www.arrow.it/img/newSiteImg/ProdAziend01.jpg,ARROW X-Kone尾段，锥形碳纤尾嘴，运动风格，高转声浪优异，轻量化
春风 250SR 单摇臂版 2025,尾端排气,ARROW 箭牌,Race-Tech 尾段排气,无损安装，直接替换原厂尾段,2000,ARROW箭牌官网,https://www.arrow.it,https://www.arrow.it/img/newSiteImg/ProdAziend01.jpg,ARROW Race-Tech尾段，赛道级设计，铝合金尾嘴，声浪高亢，性能取向
春风 250SR 单摇臂版 2025,LED转向灯,FUTURE EYES,250SR 流水LED转向灯,即插即用，无损替换原厂转向灯,250,淘宝未来之眼FUTURE EYES官方店,https://futureeyes.tmall.com,https://img.alicdn.com/bao/uploaded/i1/2212521476607/O1CN01FXiMAs1yg3fQ0HLnp_!!2212521476607.jpg,流水转向灯，熏黑外壳，即插即用，亮度高寿命长，带日行灯效果
春风 250SR 单摇臂版 2025,LED转向灯,FUTURE EYES,迷你流水转向灯,即插即用，无损替换原厂转向灯,180,淘宝未来之眼FUTURE EYES官方店,https://futureeyes.tmall.com,https://img.alicdn.com/imgextra/i1/3507097935/O1CN01Ses4ai28UHk530Xyu_!!3507097935.jpg,未来之眼迷你流水款，体积小巧不突兀，熏黑外壳，流水效果，赛道风格
春风 250SR 单摇臂版 2025,LED转向灯,FUTURE EYES,日行灯一体转向灯,即插即用，无损替换原厂转向灯,300,淘宝未来之眼FUTURE EYES官方店,https://futureeyes.tmall.com,https://img.alicdn.com/bao/uploaded/i2/157326188/O1CN01CM6ECJ1va9wIQu6DO_!!157326188.jpg,未来之眼日行灯一体款，转向灯+日行灯二合一，双色LED，提升日间行车安全
春风 250SR 单摇臂版 2025,LED转向灯,石栏（SHILAN）,石栏流水LED转向灯 熏黑款,即插即用，无损替换原厂转向灯,88,淘宝石栏SHILAN官方店,https://shilan.tmall.com,https://cbu01.alicdn.com/img/ibank/O1CN01hUuPio1i3YiNxXfvW_!!943964357-0-cib.jpg,石栏流水LED转向灯，熏黑外壳，流水效果，即插即用，亮度高寿命长，带日行灯
春风 250SR 单摇臂版 2025,LED转向灯,石栏（SHILAN）,迷你LED转向灯,即插即用，无损替换原厂转向灯,68,淘宝石栏SHILAN官方店,https://shilan.tmall.com,https://img.alicdn.com/imgextra/i4/2423987558/O1CN01TI86ab25hcNPO74ho_!!2423987558.jpg,石栏迷你LED转向灯，体积小巧，透明/熏黑可选，即插即用，价格亲民
春风 250SR 单摇臂版 2025,LED转向灯,石栏（SHILAN）,日行灯转向灯一体,即插即用，无损替换原厂转向灯,108,淘宝石栏SHILAN官方店,https://shilan.tmall.com,https://img.alicdn.com/imgextra/i1/2482937508/O1CN01X5yl6x25KifwUqOPl_!!2482937508.jpg,石栏日行灯转向灯一体款，双色LED，转向黄光+日行白光，提升行车安全
春风 250SR 单摇臂版 2025,LED转向灯,锐立普（RUILIPU）,锐立普迷你LED转向灯 流水款,即插即用，无损替换原厂转向灯,68,淘宝锐立普RUILIPU官方店,https://ruilipu.tmall.com,https://img.alicdn.com/bao/uploaded/i1/2212521476607/O1CN01FXiMAs1yg3fQ0HLnp_!!2212521476607.jpg,锐立普迷你LED转向灯，流水效果，熏黑/透明可选，体积小不突兀，无损安装
春风 250SR 单摇臂版 2025,LED转向灯,锐立普（RUILIPU）,三角流水转向灯,即插即用，无损替换原厂转向灯,78,淘宝锐立普RUILIPU官方店,https://ruilipu.tmall.com,https://img.alicdn.com/imgextra/i1/3507097935/O1CN01Ses4ai28UHk530Xyu_!!3507097935.jpg,锐立普三角流水款，独特三角形造型，运动风格，流水效果，熏黑外壳
春风 250SR 单摇臂版 2025,LED转向灯,锐立普（RUILIPU）,碳纤维纹转向灯,即插即用，无损替换原厂转向灯,98,淘宝锐立普RUILIPU官方店,https://ruilipu.tmall.com,https://img.alicdn.com/bao/uploaded/i2/157326188/O1CN01CM6ECJ1va9wIQu6DO_!!157326188.jpg,锐立普碳纤维纹转向灯，碳纤纹理外壳，运动质感，流水LED，亮度高
春风 250SR 单摇臂版 2025,LED转向灯,KOSO,KOSO 小无限LED序列式转向灯,即插即用，无损替换原厂转向灯,350,KOSO官网,https://www.koso.com.tw,https://cbu01.alicdn.com/img/ibank/O1CN01hUuPio1i3YiNxXfvW_!!943964357-0-cib.jpg,中国台湾KOSO小无限LED序列式转向灯，赛道风格，体积小巧，流水序列式点亮，高品质
春风 250SR 单摇臂版 2025,LED转向灯,KOSO,刀锋LED转向灯,即插即用，无损替换原厂转向灯,280,KOSO官网,https://www.koso.com.tw,https://img.alicdn.com/imgextra/i4/2423987558/O1CN01TI86ab25hcNPO74ho_!!2423987558.jpg,KOSO刀锋LED转向灯，刀锋造型，运动风格，高亮度LED，序列式流水效果
春风 250SR 单摇臂版 2025,LED转向灯,KOSO,圆形迷你转向灯,即插即用，无损替换原厂转向灯,200,KOSO官网,https://www.koso.com.tw,https://img.alicdn.com/imgextra/i1/2482937508/O1CN01X5yl6x25KifwUqOPl_!!2482937508.jpg,KOSO圆形迷你转向灯，经典圆形设计，体积小巧，高亮度LED，即插即用
春风 250SR 单摇臂版 2025,LED转向灯,飞利浦（PHILIPS）,飞利浦Ultinon Pro5000 LED转向灯,即插即用，无损替换原厂转向灯,150,Philips飞利浦官网,https://www.philips.com/c-mo/category/motorbike-lights,https://img.alicdn.com/bao/uploaded/i1/2212521476607/O1CN01FXiMAs1yg3fQ0HLnp_!!2212521476607.jpg,飞利浦LED转向灯，高亮度长寿命，即插即用，防水设计，稳定可靠
春风 250SR 单摇臂版 2025,LED转向灯,飞利浦（PHILIPS）,Ultinon Pro3000 LED转向灯,即插即用，无损替换原厂转向灯,120,Philips飞利浦官网,https://www.philips.com/c-mo/category/motorbike-lights,https://img.alicdn.com/imgextra/i1/3507097935/O1CN01Ses4ai28UHk530Xyu_!!3507097935.jpg,飞利浦Ultinon Pro3000，入门级LED转向灯，亮度提升明显，即插即用，性价比高
春风 250SR 单摇臂版 2025,LED转向灯,飞利浦（PHILIPS）,LED转向灯带日行灯,即插即用，无损替换原厂转向灯,180,Philips飞利浦官网,https://www.philips.com/c-mo/category/motorbike-lights,https://img.alicdn.com/bao/uploaded/i2/157326188/O1CN01CM6ECJ1va9wIQu6DO_!!157326188.jpg,飞利浦LED转向灯带日行灯，双色一体，转向黄光+日行白光，提升日间行车安全
春风 250SR 单摇臂版 2025,刹车系统,Brembo 布雷博,M40 对四活塞卡钳（前）,需配合车型专用转接码，需更换刹车油,2500,Brembo布雷博官网,https://www.brembo.com/en/solutions/for-your-bike,https://brem-p-001.sitecorecontenthub.cloud/api/public/content/8c7d26f5566d4a13916a0e46889ad1ae?v=f09543c5,意大利Brembo M40一体式大辐射卡钳，对四活塞，制动力强劲，赛道级性能，需配合转接码
春风 250SR 单摇臂版 2025,刹车系统,Brembo 布雷博,300mm 浮动刹车盘（前）,需匹配卡钳尺寸，专业安装,1200,Brembo布雷博官网,https://www.brembo.com/en/solutions/for-your-bike,https://brem-p-001.sitecorecontenthub.cloud/api/public/content/8c7d26f5566d4a13916a0e46889ad1ae?v=f09543c5,Brembo Oro系列浮动刹车盘，260mm直径，散热好，制动稳定，减少热衰减
春风 250SR 单摇臂版 2025,刹车系统,Brembo 布雷博,HH 烧结刹车片（前）,无损安装，直接替换原厂刹车片,380,Brembo布雷博官网,https://www.brembo.com/en/solutions/for-your-bike,https://brem-p-001.sitecorecontenthub.cloud/api/public/content/8c7d26f5566d4a13916a0e46889ad1ae?v=f09543c5,Brembo HH级烧结刹车片，高温制动稳定，摩擦系数高，赛道街道两用
春风 250SR 单摇臂版 2025,刹车系统,Galfer,浮动刹车盘（前）,需匹配卡钳尺寸，专业安装,1000,Galfer官网,https://www.galfermoto.com,https://www.paddock-gp.com/wp-content/uploads/2023/03/Moto2_brembo.jpg,西班牙Galfer浮动刹车盘，波浪形设计，散热快，轻量化，制动线性
春风 250SR 单摇臂版 2025,刹车系统,Galfer,烧结刹车片（前）,无损安装，直接替换原厂刹车片,350,Galfer官网,https://www.galfermoto.com,https://img.alicdn.com/i2/1020966318/O1CN01rvnOSB1wXgywYEbqu_!!1020966318.jpg,Galfer HH级烧结刹车片，高温稳定，摩擦系数高，耐磨寿命长
春风 250SR 单摇臂版 2025,刹车系统,Galfer,刹车钢喉（前）,需更换刹车油，专业排空气,300,Galfer官网,https://www.galfermoto.com,https://pic3.zhimg.com/v2-b5cc06b6625d203d2b762d1a43f02178_720w.jpg,Galfer不锈钢编织刹车钢喉，减少油管膨胀，提升刹车手感，即插即用
春风 250SR 单摇臂版 2025,刹车系统,Frando 车力屋,FCF640 对四活塞卡钳（前）,需配合车型专用转接码，需更换刹车油,1800,Frando车力屋官网,https://www.frando.com.tw,http://frando.com.tw/cdn/shop/files/5-02_047e9b17-c9b1-4329-b83a-af57cb15d25c.jpg?v=1774410445,中国台湾Frando FCF640一体式对四活塞卡钳，CNC加工，制动线性，性价比高
春风 250SR 单摇臂版 2025,刹车系统,Frando 车力屋,刹车钢喉（前）,需更换刹车油，专业排空气,280,Frando车力屋官网,https://www.frando.com.tw,http://frando.com.tw/cdn/shop/files/5-02_047e9b17-c9b1-4329-b83a-af57cb15d25c.jpg?v=1774410445,Frando不锈钢编织刹车钢喉，提升刹车手感，减少膨胀，多种颜色可选
春风 250SR 单摇臂版 2025,刹车系统,Frando 车力屋,烧结刹车片（前）,需配合车型专用转接码，需更换刹车油,320,Frando车力屋官网,https://www.frando.com.tw,http://frando.com.tw/cdn/shop/files/5-02_047e9b17-c9b1-4329-b83a-af57cb15d25c.jpg?v=1774410445,Frando HH级烧结刹车片，高温制动稳定，摩擦系数高，适配对四卡钳
春风 250SR 单摇臂版 2025,刹车系统,Goodridge,刹车钢喉（前）,需更换刹车油，专业排空气,350,Goodridge官网,https://www.goodridge.com,https://www.paddock-gp.com/wp-content/uploads/2023/03/Moto2_brembo.jpg,英国Goodridge不锈钢编织刹车钢喉，航空级品质，减少油管膨胀，提升刹车手感
春风 250SR 单摇臂版 2025,刹车系统,Goodridge,刹车钢喉（后）,需更换刹车油，专业排空气,300,Goodridge官网,https://www.goodridge.com,https://img.alicdn.com/i2/1020966318/O1CN01rvnOSB1wXgywYEbqu_!!1020966318.jpg,Goodridge后刹车钢喉，不锈钢编织，提升后刹手感，即插即用，多种颜色
春风 250SR 单摇臂版 2025,刹车系统,Goodridge,全车钢喉套装,需更换刹车油，专业排空气,600,Goodridge官网,https://www.goodridge.com,https://pic3.zhimg.com/v2-b5cc06b6625d203d2b762d1a43f02178_720w.jpg,Goodridge前后刹车钢喉套装，全车替换，提升整体刹车手感，航空级编织
春风 250SR 单摇臂版 2025,刹车系统,EBC,HH 烧结刹车片（前）,无损安装，直接替换原厂刹车片,350,EBC Brakes官网,https://www.ebcbrakes.com,https://www.ebcbrakes.com/wp-content/uploads/2021/04/automotive-products-002.png,英国EBC HH级金属烧结刹车片，高温制动稳定，R90认证，赛道街道两用
春风 250SR 单摇臂版 2025,刹车系统,EBC,HH 烧结刹车片（后）,无损安装，直接替换原厂刹车片,300,EBC Brakes官网,https://www.ebcbrakes.com,https://www.ebcbrakes.com/wp-content/uploads/2021/04/automotive-products-002.png,EBC HH级后刹车片，金属烧结，高温稳定，摩擦系数高，耐磨寿命长
春风 250SR 单摇臂版 2025,刹车系统,EBC,前后刹车片套装,无损安装，直接替换原厂刹车片,600,EBC Brakes官网,https://www.ebcbrakes.com,https://www.ebcbrakes.com/wp-content/uploads/2021/04/automotive-products-002.png,EBC前后HH级烧结刹车片套装，全车替换，高温制动稳定，性价比高
春风 250SR 单摇臂版 2025,半热熔轮胎,正新,S3 半热熔轮胎 前110/70-17,需匹配轮毂尺寸，专业扒胎安装,500,正新轮胎官网,https://www.csttires.com/cn/motorcycle,https://img.alicdn.com/imgextra/i3/2213059464983/O1CN01WHzrG01mgGVtGyTAN_!!2213059464983.jpg,正新S3半热熔，干地抓地优秀，街道跑山兼顾，耐磨里程约8000km
春风 250SR 单摇臂版 2025,半热熔轮胎,正新,AS5 刀疤二代半热熔 前110/70-17,需匹配轮毂尺寸，专业扒胎安装,420,正新轮胎官网,https://www.csttires.com/cn/motorcycle,https://img11.360buyimg.com/n1/s720x720_jfs/t1/92813/16/35980/74260/66093baeF76639ca6/b31f.jpg,正新AS5刀疤二代，独特刀疤胎纹，干湿地抓地均衡，赛道级性能，性价比高
春风 250SR 单摇臂版 2025,半热熔轮胎,正新,S1 半热熔轮胎 前110/70-17,需匹配轮毂尺寸，专业扒胎安装,350,正新轮胎官网,https://www.csttires.com/cn/motorcycle,https://img12.360buyimg.com/n1/s720x720_jfs/t1/236212/32/22938/114056/66a9dc0fF6619c409/b8.jpg,正新S1半热熔，入门级运动胎，干地抓地不错，耐磨耐用，价格亲民
春风 250SR 单摇臂版 2025,半热熔轮胎,Michelin 米其林,Power 6 半热熔轮胎 前110/70-17,需匹配轮毂尺寸，专业扒胎安装,680,Michelin米其林官网,https://www.michelin.co.uk/motorbike/browse-tyres/by-family/power,https://img.alicdn.com/bao/uploaded/i4/61574342/O1CN01vyfhma1hwgXhu6o6Y_!!61574342.jpg,米其林Power6半热熔，街道全能，暖胎快，干湿地抓地优秀，耐磨里程约6000km
春风 250SR 单摇臂版 2025,半热熔轮胎,Michelin 米其林,Power GP 半热熔轮胎 前110/70-17,需匹配轮毂尺寸，专业扒胎安装,950,Michelin米其林官网,https://www.michelin.co.uk/motorbike/browse-tyres/by-family/power,https://img12.360buyimg.com/n1/s720x720_jfs/t1/249543/37/13727/157365/6684d6cfF19c64bfc/e4.jpg,米其林Power GP，赛道级半热熔，大倾角抓地极强，暖胎快，赛道日/跑山首选
春风 250SR 单摇臂版 2025,半热熔轮胎,Michelin 米其林,Power Cup 2 全热熔轮胎 前110/70-17,需匹配轮毂尺寸，专业扒胎安装,1280,Michelin米其林官网,https://www.michelin.co.uk/motorbike/browse-tyres/by-family/power,https://img.alicdn.com/imgextra/i2/78772569/O1CN011jal4g1UqeRlbSX5f_!!78772569.jpg,米其林Power Cup 2，全热熔赛道胎，MotoGP技术下放，极致抓地，纯赛道使用
春风 250SR 单摇臂版 2025,半热熔轮胎,Pirelli 倍耐力,Diablo Rosso IV 半热熔轮胎 前110/70-17,需匹配轮毂尺寸，专业扒胎安装,650,Pirelli倍耐力官网,https://www.pirelli.com/tyres/en-ww/motorcycle/catalogue/product/diablo-rosso-iv/180_55-17/3979400,https://tyre-images.pirelli.com/MKTData/MOTO/files/3738/motomediagalleryimage/_D3B8805.png,倍耐力Diablo Rosso4，WSBK赛道技术下放，大倾角抓地强，干湿全能
春风 250SR 单摇臂版 2025,半热熔轮胎,Pirelli 倍耐力,大闪电 V4 SC 全热熔轮胎 前110/70-17,需匹配轮毂尺寸，专业扒胎安装,1200,Pirelli倍耐力官网,https://www.pirelli.com/tyres/en-ww/motorcycle/catalogue/product/diablo-rosso-iv/180_55-17/3979400,https://tyre-images.pirelli.com/MKTData/MOTO/files/3738/motomediagalleryimage/_D3B8805.png,倍耐力大闪电V4 SC，WSBK赛事同款，全热熔极致抓地，闪电胎纹，纯赛道利器
春风 250SR 单摇臂版 2025,半热熔轮胎,Pirelli 倍耐力,Diablo Supercorsa SP 半热熔 前110/70-17,需匹配轮毂尺寸，专业扒胎安装,900,Pirelli倍耐力官网,https://www.pirelli.com/tyres/en-ww/motorcycle/catalogue/product/diablo-rosso-iv/180_55-17/3979400,https://tyre-images.pirelli.com/MKTData/MOTO/files/3738/motomediagalleryimage/_D3B8805.png,倍耐力Diablo Supercorsa SP，赛道级半热熔，街道合法，大倾角抓地强，跑山神器
春风 250SR 单摇臂版 2025,半热熔轮胎,Dunlop 邓禄普,Sportmax Q5 半热熔轮胎 前110/70-17,需匹配轮毂尺寸，专业扒胎安装,700,Dunlop邓禄普摩托车轮胎官网,https://www.dunlopmotorcycletires.com,https://img.alicdn.com/bao/uploaded/i4/61574342/O1CN01vyfhma1hwgXhu6o6Y_!!61574342.jpg,邓禄普Sportmax Q5，综合性能强，干地抓地优秀，耐磨不错，性价比高
春风 250SR 单摇臂版 2025,半热熔轮胎,Dunlop 邓禄普,Sportmax Q4 半热熔轮胎 前110/70-17,需匹配轮毂尺寸，专业扒胎安装,600,Dunlop邓禄普摩托车轮胎官网,https://www.dunlopmotorcycletires.com,https://img12.360buyimg.com/n1/s720x720_jfs/t1/249543/37/13727/157365/6684d6cfF19c64bfc/e4.jpg,邓禄普Sportmax Q4，上一代旗舰运动胎，干地抓地强，价格更低，性价比之选
春风 250SR 单摇臂版 2025,半热熔轮胎,Dunlop 邓禄普,阿尔法 α-14 半热熔轮胎 前110/70-17,需匹配轮毂尺寸，专业扒胎安装,550,Dunlop邓禄普摩托车轮胎官网,https://www.dunlopmotorcycletires.com,https://img.alicdn.com/imgextra/i2/78772569/O1CN011jal4g1UqeRlbSX5f_!!78772569.jpg,邓禄普阿尔法α-14，高性能运动胎，前后配专用配方，干湿地均衡，耐磨优秀
春风 250SR 单摇臂版 2025,半热熔轮胎,Bridgestone 普利司通,Battlax S22 半热熔轮胎 前110/70-17,需匹配轮毂尺寸，专业扒胎安装,800,Bridgestone普利司通官网,https://www.bridgestone.com/products/motorcycle_tires,https://www.bridgestone.com/products/motorcycle_tires/shared/img/og_image.jpg,普利司通Battlax S22，hypersport级，暖胎快寿命长，干湿均衡，雅马哈MT-09原厂配套
春风 250SR 单摇臂版 2025,半热熔轮胎,Bridgestone 普利司通,Battlax RS11 半热熔轮胎 前110/70-17,需匹配轮毂尺寸，专业扒胎安装,900,Bridgestone普利司通官网,https://www.bridgestone.com/products/motorcycle_tires,https://www.bridgestone.com/products/motorcycle_tires/shared/img/og_image.jpg,普利司通Battlax RS11，赛道级运动胎，大倾角抓地强，暖胎快，赛道日首选
春风 250SR 单摇臂版 2025,半热熔轮胎,Bridgestone 普利司通,Battlax T32 运动旅行胎 前110/70-17,需匹配轮毂尺寸，专业扒胎安装,700,Bridgestone普利司通官网,https://www.bridgestone.com/products/motorcycle_tires,https://www.bridgestone.com/products/motorcycle_tires/shared/img/og_image.jpg,普利司通Battlax T32，运动旅行胎，干湿全能，耐磨里程长，长途摩旅舒适
春风 250SR 单摇臂版 2025,发动机防摔,Evotech Performance,250SR 发动机防摔护罩,需配合车型专用支架，需拆车安装,800,Evotech Performance官网,https://www.evotech-performance.com,https://img.alicdn.com/imgextra/i3/2208672679844/O1CN01k3XQ5Y1zPzQzQzQz_!!2208672679844.jpg,英国EP原厂，CNC铝合金，发动机左右全覆盖，摔车保护发动机壳体
春风 250SR 单摇臂版 2025,发动机防摔,Evotech Performance,车身防摔球,需配合车型专用支架，需拆车安装,500,Evotech Performance官网,https://www.evotech-performance.com,https://img.alicdn.com/bao/uploaded/i4/2200700040353/O1CN01zbwlsg1ETijZAgqfU_!!0-item_pic.jpg,EP车身防摔球，CNC铝合金，多种颜色可选，安装简单，倒车保护车身和发动机
春风 250SR 单摇臂版 2025,发动机防摔,Evotech Performance,水箱护网,无损安装，固定于水箱两侧,400,Evotech Performance官网,https://www.evotech-performance.com,https://img.alicdn.com/imgextra/i2/2200756612091/O1CN01LRUypr1RJiyuAcsan_!!2200756612091.jpg,EP水箱护网，铝合金材质，保护水箱不受飞石撞击，无损安装，提升散热效率
春风 250SR 单摇臂版 2025,发动机防摔,国产改装（GB Racing款）,GB Racing 发动机左右保护罩套装,需专业工具，全套更换,350,淘宝GB Racing款发动机保护罩,https://s.taobao.com/search?q=GB+Racing+%E6%98%A5%E9%A3%8E,https://img.alicdn.com/i3/68078097/O1CN01OVniMF29gTeLe0xdY_!!68078097.jpg,英国GB Racing发动机保护罩，左右全覆盖，摔车保护发动机壳体，赛道验证，CNC精密加工
春风 250SR 单摇臂版 2025,发动机防摔,国产改装（GB Racing款）,发动机边盖保护罩（左）,需配合车型专用支架，需拆车安装,180,淘宝GB Racing款发动机保护罩,https://s.taobao.com/search?q=GB+Racing+%E6%98%A5%E9%A3%8E,https://img.alicdn.com/imgextra/i3/1989356056/O1CN01ySwD0D1ubhbzXcyWg_!!1989356056.jpg,GB Racing脉冲线圈保护盖，摔车保护脉冲线圈，避免倒车导致电路损坏，赛道验证
春风 250SR 单摇臂版 2025,发动机防摔,国产改装（GB Racing款）,发动机边盖保护罩（右）,需配合车型专用支架，需拆车安装,180,淘宝GB Racing款发动机保护罩,https://s.taobao.com/search?q=GB+Racing+%E6%98%A5%E9%A3%8E,https://img.alicdn.com/bao/uploaded/i3/2297654694/O1CN0101drsV1kXtpz72TqS_!!2297654694.jpg,GB Racing水泵保护盖，摔车保护水泵壳体，避免倒车导致冷却液泄漏，精密加工
春风 250SR 单摇臂版 2025,发动机防摔,速摩（SUMO）,速摩CNC铝合金车身防摔球,需配合车型专用支架，需拆车安装,180,淘宝速摩SUMO改装官方店,https://sumo.tmall.com,https://img.alicdn.com/imgextra/i3/2208672679844/O1CN01k3XQ5Y1zPzQzQzQz_!!2208672679844.jpg,速摩CNC铝合金车身防摔球，多种颜色可选，安装简单，倒车保护车身和发动机，性价比高
春风 250SR 单摇臂版 2025,发动机防摔,速摩（SUMO）,竞技护杠保险杠,需配合车型专用支架，需拆车安装,260,淘宝速摩SUMO改装官方店,https://sumo.tmall.com,https://img.alicdn.com/bao/uploaded/i4/2200700040353/O1CN01zbwlsg1ETijZAgqfU_!!0-item_pic.jpg,速摩竞技护杠，碳钢材质，无损安装，倒车保护发动机和车身，带防摔头，匹配度高
春风 250SR 单摇臂版 2025,发动机防摔,速摩（SUMO）,后摇臂防摔球,需专业截链器安装，需匹配牙盘齿数,120,淘宝速摩SUMO改装官方店,https://sumo.tmall.com,https://img.alicdn.com/imgextra/i2/2200756612091/O1CN01LRUypr1RJiyuAcsan_!!2200756612091.jpg,速摩后摇臂防摔球，CNC铝合金，保护后摇臂和链条，倒车防刮蹭，多种颜色可选
春风 250SR 单摇臂版 2025,发动机防摔,摩多狼（MOTOWOLF）,摩多狼摩托车防摔球保险杠套装,需专业工具，全套更换,120,天猫摩多狼MOTOWOLF官方旗舰店,https://motowolf.tmall.com,https://img.alicdn.com/i3/68078097/O1CN01OVniMF29gTeLe0xdY_!!68078097.jpg,摩多狼防摔球+护杠套装，铝合金材质，黑色/红色可选，倒车保护，安装简便，价格亲民
春风 250SR 单摇臂版 2025,发动机防摔,摩多狼（MOTOWOLF）,单独防摔球,需配合车型专用支架，需拆车安装,80,天猫摩多狼MOTOWOLF官方旗舰店,https://motowolf.tmall.com,https://img.alicdn.com/imgextra/i3/1989356056/O1CN01ySwD0D1ubhbzXcyWg_!!1989356056.jpg,摩多狼单独防摔球，CNC铝合金，多种颜色可选，安装简单，倒车保护车身，入门首选
春风 250SR 单摇臂版 2025,发动机防摔,摩多狼（MOTOWOLF）,竞技护杠碳钢款,需配合车型专用支架，需拆车安装,160,天猫摩多狼MOTOWOLF官方旗舰店,https://motowolf.tmall.com,https://img.alicdn.com/bao/uploaded/i3/2297654694/O1CN0101drsV1kXtpz72TqS_!!2297654694.jpg,摩多狼竞技护杠碳钢款，高碳钢材质，强度高，无损安装，倒车保护发动机，性价比高
春风 250SR 单摇臂版 2025,发动机防摔,CFMOTO 原厂护杠,250SR 原厂竞技护杠保险杠,需配合车型专用支架，需拆车安装,260,CFMOTO春风动力官网,https://cn.cfmoto.com,https://img.alicdn.com/imgextra/i3/2208672679844/O1CN01k3XQ5Y1zPzQzQzQz_!!2208672679844.jpg,春风原厂竞技护杠，碳钢材质，无损安装，倒车保护发动机和车身，带防摔头，匹配度高
春风 250SR 单摇臂版 2025,发动机防摔,CFMOTO 原厂护杠,车身防摔球,需配合车型专用支架，需拆车安装,150,CFMOTO春风动力官网,https://cn.cfmoto.com,https://img.alicdn.com/bao/uploaded/i4/2200700040353/O1CN01zbwlsg1ETijZAgqfU_!!0-item_pic.jpg,春风原厂车身防摔球，CNC铝合金，无损安装，倒车保护车身，原厂品质，匹配度高
春风 250SR 单摇臂版 2025,发动机防摔,CFMOTO 原厂护杠,水箱护网,无损安装，固定于水箱两侧,120,CFMOTO春风动力官网,https://cn.cfmoto.com,https://img.alicdn.com/imgextra/i2/2200756612091/O1CN01LRUypr1RJiyuAcsan_!!2200756612091.jpg,春风原厂水箱护网，铝合金材质，保护水箱不受飞石撞击，无损安装，原厂匹配
春风 250SR 单摇臂版 2025,竞技风挡,普奇,250SR 竞技熏黑风挡,需拆除原厂风挡，无损替换安装,350,Puig普奇官网,https://www.puig.tv,https://img.alicdn.com/imgextra/i2/2200756612091/O1CN01LRUypr1RJiyuAcsan_!!2200756612091.jpg,西班牙Puig原厂，竞技降低款，熏黑光学级亚克力，减少高速风压
春风 250SR 单摇臂版 2025,竞技风挡,普奇,加高旅行风挡,需拆除原厂风挡，无损替换安装,400,Puig普奇官网,https://www.puig.tv,https://img.alicdn.com/i3/68078097/O1CN01OVniMF29gTeLe0xdY_!!68078097.jpg,Puig加高旅行款，增加高度减少胸口风压，长途摩旅舒适，透明/熏黑可选
春风 250SR 单摇臂版 2025,竞技风挡,普奇,R-Racer 竞技风挡,需拆除原厂风挡，无损替换安装,450,Puig普奇官网,https://www.puig.tv,https://img.alicdn.com/i2/2200700040353/O1CN017iDVO11ETiUuw7Yjv_!!2200700040353.jpg,Puig R-Racer款，赛道级低风阻造型，双层扰流设计，极致竞技风格
春风 250SR 单摇臂版 2025,竞技风挡,CFMOTO 原厂加高风挡,250SR 原厂加高旅行风挡,需拆除原厂风挡，无损替换安装,180,CFMOTO春风动力官网,https://cn.cfmoto.com,https://img.alicdn.com/i4/2200700040353/O1CN01RopPga1ETiV1dutsC_!!2200700040353.jpg,春风原厂加高风挡，无损安装，减少高速胸口风压，透明/熏黑可选
春风 250SR 单摇臂版 2025,竞技风挡,CFMOTO 原厂加高风挡,竞技降低风挡,需拆除原厂风挡，无损替换安装,150,CFMOTO春风动力官网,https://cn.cfmoto.com,https://img.alicdn.com/imgextra/i3/1989356056/O1CN01ySwD0D1ubhbzXcyWg_!!1989356056.jpg,春风原厂竞技降低款，赛道风格，降低风阻，外观更战斗，无损安装
春风 250SR 单摇臂版 2025,竞技风挡,CFMOTO 原厂加高风挡,透明加高风挡,需拆除原厂风挡，无损替换安装,160,CFMOTO春风动力官网,https://cn.cfmoto.com,https://img.alicdn.com/bao/uploaded/i4/2200700040353/O1CN01zbwlsg1ETijZAgqfU_!!0-item_pic.jpg,春风原厂透明加高款，高透光学级亚克力，视野清晰，减少高速风压
春风 250SR 单摇臂版 2025,竞技风挡,RCR,Zero Gravity SR 竞技风挡,需拆除原厂风挡，无损替换安装,420,淘宝RCR竞技风挡官方店,https://rcr.tmall.com,https://img.alicdn.com/imgextra/i2/2200756612091/O1CN01LRUypr1RJiyuAcsan_!!2200756612091.jpg,美国Zero Gravity SR系列竞技风挡，降低风阻，赛道造型，光学级亚克力
春风 250SR 单摇臂版 2025,竞技风挡,RCR,Double Bubble 风挡,需拆除原厂风挡，无损替换安装,460,淘宝RCR竞技风挡官方店,https://rcr.tmall.com,https://img.alicdn.com/i3/68078097/O1CN01OVniMF29gTeLe0xdY_!!68078097.jpg,Zero Gravity Double Bubble款，双气泡造型，赛道级空气动力学，趴赛姿态友好
春风 250SR 单摇臂版 2025,竞技风挡,RCR,Corsa 竞技风挡,需拆除原厂风挡，无损替换安装,480,淘宝RCR竞技风挡官方店,https://rcr.tmall.com,https://img.alicdn.com/i2/2200700040353/O1CN017iDVO11ETiUuw7Yjv_!!2200700040353.jpg,Zero Gravity Corsa款，极致赛道造型，超低风阻，熏黑/透明可选，赛道日首选
春风 250SR 单摇臂版 2025,竞技风挡,肌车狼,WRS Race 竞技风挡,需拆除原厂风挡，无损替换安装,380,淘宝肌车狼改装官方店,https://jichelang.taobao.com,https://img.alicdn.com/i4/2200700040353/O1CN01RopPga1ETiV1dutsC_!!2200700040353.jpg,意大利WRS Race竞技风挡，赛道低风阻设计，减少高速风压，熏黑光学级亚克力
春风 250SR 单摇臂版 2025,竞技风挡,肌车狼,Touring 加高风挡,需拆除原厂风挡，无损替换安装,400,淘宝肌车狼改装官方店,https://jichelang.taobao.com,https://img.alicdn.com/imgextra/i3/1989356056/O1CN01ySwD0D1ubhbzXcyWg_!!1989356056.jpg,WRS Touring加高款，增加高度减少风压，长途舒适，透明/熏黑可选
春风 250SR 单摇臂版 2025,竞技风挡,肌车狼,Standard 标准风挡,需拆除原厂风挡，无损替换安装,350,淘宝肌车狼改装官方店,https://jichelang.taobao.com,https://img.alicdn.com/bao/uploaded/i4/2200700040353/O1CN01zbwlsg1ETijZAgqfU_!!0-item_pic.jpg,WRS Standard标准款，接近原厂高度，优化风阻曲线，透明高透，性价比高
春风 250SR 单摇臂版 2025,竞技风挡,摩多狼（MOTOWOLF）,MRA Racing 竞技风挡,需拆除原厂风挡，无损替换安装,360,天猫摩多狼MOTOWOLF官方旗舰店,https://motowolf.tmall.com,https://img.alicdn.com/imgextra/i2/2200756612091/O1CN01LRUypr1RJiyuAcsan_!!2200756612091.jpg,德国MRA Racing竞技风挡，人体工学设计，减少颈部风压，透明/熏黑/烟灰色可选
春风 250SR 单摇臂版 2025,竞技风挡,摩多狼（MOTOWOLF）,Touring 加高风挡,需拆除原厂风挡，无损替换安装,380,天猫摩多狼MOTOWOLF官方旗舰店,https://motowolf.tmall.com,https://img.alicdn.com/i3/68078097/O1CN01OVniMF29gTeLe0xdY_!!68078097.jpg,MRA Touring加高款，大幅减少胸口风压，长途摩旅舒适，德国品质
春风 250SR 单摇臂版 2025,竞技风挡,摩多狼（MOTOWOLF）,Original 原厂款风挡,需拆除原厂风挡，无损替换安装,320,天猫摩多狼MOTOWOLF官方旗舰店,https://motowolf.tmall.com,https://img.alicdn.com/i2/2200700040353/O1CN017iDVO11ETiUuw7Yjv_!!2200700040353.jpg,MRA Original原厂款，与原厂高度一致，优化风阻，高透亚克力，替换原厂风挡
春风 250SR 单摇臂版 2025,链条牙盘,DID 日本大同,VX3 520 油封链条（黄金）,需专业截链器安装，需匹配牙盘齿数,550,DID链条官网,https://www.didchain.com/collections/didchains,http://cdn.shopify.com/s/files/1/0614/8253/3026/products/520VX3_Steel_P.jpg?crop=center&height=1200&v=1751289083&width=1200,日本DID 520VX3黄金油封链条，G&G油封，低摩擦长寿命，赛道级强度，120节
春风 250SR 单摇臂版 2025,链条牙盘,DID 日本大同,ZVM-X 520 链条（顶级）,需专业截链器安装，需匹配牙盘齿数,850,DID链条官网,https://www.didchain.com/collections/didchains,http://cdn.shopify.com/s/files/1/0614/8253/3026/products/520VX3_Steel_P.jpg?crop=center&height=1200&v=1751289083&width=1200,DID ZVM-X顶级链条，X-ring油封，超低摩擦，超高强度，MotoGP技术下放，120节
春风 250SR 单摇臂版 2025,链条牙盘,DID 日本大同,前后牙盘套装,需匹配原厂安装位，专业工具安装,680,DID链条官网,https://www.didchain.com/collections/didchains,http://cdn.shopify.com/s/files/1/0614/8253/3026/products/520VX3_Steel_P.jpg?crop=center&height=1200&v=1751289083&width=1200,DID前后牙盘套装，钢制后牙盘+铝合金前小飞，轻量化，传动效率高，多种齿数可选
春风 250SR 单摇臂版 2025,链条牙盘,RK 日本,GXW 520 油封链条,需专业截链器安装，需匹配牙盘齿数,350,RK Excel官网,https://www.rkexcel.com,https://img.alicdn.com/imgextra/i2/2604508095/O1CN01pRZkvA29fZ0g2T2DY_!!2604508095.png,日本RK 520GXW油封链条，X-ring油封，低摩擦长寿命，多种颜色可选，120节
春风 250SR 单摇臂版 2025,链条牙盘,RK 日本,ZVX 520 链条（X-ring）,需专业截链器安装，需匹配牙盘齿数,500,RK Excel官网,https://www.rkexcel.com,https://img.alicdn.com/i2/1690613588/O1CN018TDOMh1cNLn1f5mz7_!!1690613588.png,RK ZVX系列X-ring链条，顶级强度，超低摩擦，赛道级性能，多种颜色，120节
春风 250SR 单摇臂版 2025,链条牙盘,RK 日本,轻量化后牙盘,需匹配原厂安装位，专业工具安装,250,RK Excel官网,https://www.rkexcel.com,https://img.alicdn.com/i1/114505056/O1CN01DE7UmP1nDhL0QRb7t_!!114505056.jpg,RK轻量化钢制后牙盘，热处理工艺，强度高耐磨，多种齿数可选，提升加速
春风 250SR 单摇臂版 2025,链条牙盘,EK 日本,SRX2 520 油封链条,需专业截链器安装，需匹配牙盘齿数,380,EK Chain官网,https://www.ekchain.com,https://img.alicdn.com/bao/uploaded/i3/1690613588/O1CN01sKXveV1cNLwjQoAKm_!!1690613588.jpg,日本EK SRX2系列油封链条，Q-ring油封，低摩擦长寿命，性价比高，120节
春风 250SR 单摇臂版 2025,链条牙盘,EK 日本,MVXZ 520 链条,需专业截链器安装，需匹配牙盘齿数,580,EK Chain官网,https://www.ekchain.com,https://img.alicdn.com/bao/uploaded/i2/1594581565/O1CN01eGdyi51NQoh3D1dkm_!!0-item_pic.jpg,EK MVXZ系列X-ring链条，高强度低摩擦，赛道级性能，多种颜色可选，120节
春风 250SR 单摇臂版 2025,链条牙盘,EK 日本,QX环链条,需专业截链器安装，需匹配牙盘齿数,320,EK Chain官网,https://www.ekchain.com,https://img.alicdn.com/imgextra/i1/114505056/O1CN011u8GpQ1nDhIptKlm0_!!0-item_pic.jpg,EK QX-ring油封链条，独特QX油封设计，低摩擦长寿命，入门级运动链条，120节
春风 250SR 单摇臂版 2025,链条牙盘,征和,X圈油封链条 520,需专业截链器安装，需匹配牙盘齿数,180,天猫征和链条官方旗舰店,https://zhenghe.tmall.com,https://img.alicdn.com/imgextra/i2/2604508095/O1CN01pRZkvA29fZ0g2T2DY_!!2604508095.png,中国征和X圈油封链条，国产精品，X-ring油封，低摩擦长寿命，性价比极高，120节
春风 250SR 单摇臂版 2025,链条牙盘,征和,加厚油封链条,需专业截链器安装，需匹配牙盘齿数,220,天猫征和链条官方旗舰店,https://zhenghe.tmall.com,https://img.alicdn.com/i2/1690613588/O1CN018TDOMh1cNLn1f5mz7_!!1690613588.png,征和加厚油封链条，加强型链板，更高强度，耐磨寿命长，适合大排量，120节
春风 250SR 单摇臂版 2025,链条牙盘,征和,前后牙盘套装,需匹配原厂安装位，专业工具安装,280,天猫征和链条官方旗舰店,https://zhenghe.tmall.com,https://img.alicdn.com/i1/114505056/O1CN01DE7UmP1nDhL0QRb7t_!!114505056.jpg,征和前后牙盘套装，钢制后牙盘+前小飞，热处理工艺，耐磨强度高，多种齿数
春风 250SR 单摇臂版 2025,链条牙盘,AFAM 西班牙,轻量化后牙盘（钢制）,需匹配原厂安装位，专业工具安装,380,AFAM西班牙官网,https://www.afam.it,https://img.alicdn.com/bao/uploaded/i3/1690613588/O1CN01sKXveV1cNLwjQoAKm_!!1690613588.jpg,西班牙AFAM轻量化钢制后牙盘，RLK系列，镂空设计减重，热处理耐磨，多种齿数
春风 250SR 单摇臂版 2025,链条牙盘,AFAM 西班牙,前小飞轮,需匹配原厂输出轴，专业工具安装,120,AFAM西班牙官网,https://www.afam.it,https://img.alicdn.com/bao/uploaded/i2/1594581565/O1CN01eGdyi51NQoh3D1dkm_!!0-item_pic.jpg,AFAM前小飞轮，钢制热处理，耐磨强度高，多种齿数可选（13-16齿），提升加速
春风 250SR 单摇臂版 2025,链条牙盘,AFAM 西班牙,链条牙盘套装,需专业截链器安装，需匹配牙盘齿数,580,AFAM西班牙官网,https://www.afam.it,https://img.alicdn.com/imgextra/i1/114505056/O1CN011u8GpQ1nDhIptKlm0_!!0-item_pic.jpg,AFAM链条牙盘套装，轻量化后牙盘+前小飞+DID/RK链条，全车传动升级，性价比高
春风 450SR 2025,全段排气,Yoshimura 吉村,R77 大四角全段排气,需配合 ECU 调校，需拆除原厂全段排气,4500,Yoshimura吉村美国官网,https://www.yoshimura-rd.com,https://img.alicdn.com/imgextra/i1/2200692679397/O1CN01qw1P9E2JHsQaML1a1_!!2200692679397.jpg,日本吉村R77大四角，碳纤维尾盖，浑厚低音，无损安装，带DB Killer
春风 450SR 2025,全段排气,Yoshimura 吉村,Alpha T 全段排气,需配合 ECU 调校，需拆除原厂全段排气,5200,Yoshimura吉村美国官网,https://www.yoshimura-rd.com,https://img.alicdn.com/bao/uploaded/i3/2297654694/O1CN0101drsV1kXtpz72TqS_!!2297654694.jpg,吉村Alpha T全段，椭圆碳纤维尾嘴，造型独特，声浪低沉有力
春风 450SR 2025,全段排气,IXIL 亿西尔,OVS6 全段排气,需配合 ECU 调校，需拆除原厂全段排气,2200,IXIL亿西尔官网,https://www.ixil.com,https://img.alicdn.com/imgextra/i2/2217995830151/O1CN01jj2Yha1CzCqQzSODI_!!2217995830151.jpg,西班牙IXIL OVS6赛车级全段，双出设计，低扭提升明显，带消音塞
春风 450SR 2025,全段排气,IXIL 亿西尔,X55 全段排气,需配合 ECU 调校，需拆除原厂全段排气,2600,IXIL亿西尔官网,https://www.ixil.com,https://img1.bitauto.com/appimage-630-w1/news/2021/12/13/4df8291707544481ae92bbec5c302334.jpg,IXIL X55全段，单出椭圆尾嘴，高转表现优异，声浪高亢，性价比高
春风 450SR 2025,全段排气,VANHOOL 万虎,钛合金全段底排,需配合 ECU 调校，需拆除原厂全段排气,3500,天猫万虎VANHOOL官方旗舰店,https://vanhool.tmall.com,https://img.alicdn.com/imgextra/i1/552579775/O1CN01IFU87c2M50Zfqa1kJ_!!552579775.jpg,中国台湾万虎，钛合金全段底排，音浪低沉比赛级，减重明显
春风 450SR 2025,全段排气,VANHOOL 万虎,不锈钢全段排气,需配合 ECU 调校，需拆除原厂全段排气,2500,天猫万虎VANHOOL官方旗舰店,https://vanhool.tmall.com,https://img.alicdn.com/imgextra/i1/552579775/O1CN01IFU87c2M50Zfqa1kJ_!!552579775.jpg,万虎不锈钢全段，耐用抗腐蚀，低沉回压声浪，价格低于钛合金版
春风 450SR 2025,全段排气,MIVV 恶魔管,小魔鬼短款全段排气,需配合 ECU 调校，需拆除原厂全段排气,1800,MIVV官网,https://www.mivv.com,https://img.alicdn.com/imgextra/i1/2200692679397/O1CN01qw1P9E2JHsQaML1a1_!!2200692679397.jpg,意大利MIVV恶魔管造型，小魔鬼短款全黑色，炸街声浪，带消音塞
春风 450SR 2025,全段排气,MIVV 恶魔管,小魔鬼长款全段排气,需配合 ECU 调校，需拆除原厂全段排气,2200,MIVV官网,https://www.mivv.com,https://img.alicdn.com/bao/uploaded/i3/2297654694/O1CN0101drsV1kXtpz72TqS_!!2297654694.jpg,MIVV小魔鬼长款，银色仿碳头，造型更战斗，声浪比短款更浑厚
春风 450SR 2025,尾端排气,天蝎,S-CF4SO1-APC Slip-On Line（Carbon）尾段,需配合 ECU 调校，需拆除原厂全段排气,6800,Akrapovic天蝎官网,https://www.akrapovic.com/en/moto/products/CFMOTO/450SR-450NK/2024,https://d1sfhav1wboke3.azureedge.net/ImageServer/Apim2Media/Images/22297/be2443ab-b651-4b09-b508-5eabaa27cb47.png,钛合金全段，带碳纤维尾盖，减重2.3kg，需配合ECU调校
春风 450SR 2025,尾端排气,天蝎,S-CF4SO1-APC 碳纤维尾段,无损安装，直接替换原厂尾段,5800,Akrapovic天蝎官网,https://www.akrapovic.com/en/moto/products/CFMOTO/450SR-450NK/2024,https://d1sfhav1wboke3.azureedge.net/ImageServer/Apim2Media/Images/22297/be2443ab-b651-4b09-b508-5eabaa27cb47.png,天蝎碳纤维尾段，轻量化，高亢声浪，保留原厂前段直接安装
春风 450SR 2025,尾端排气,天蝎,S-CF4SO1-APC Slip-On Line（SS）尾段,需配合 ECU 调校，需拆除原厂全段排气,4800,Akrapovic天蝎官网,https://www.akrapovic.com/en/moto/products/CFMOTO/450SR-450NK/2024,https://d1sfhav1wboke3.azureedge.net/ImageServer/Apim2Media/Images/22297/be2443ab-b651-4b09-b508-5eabaa27cb47.png,天蝎不锈钢全段，耐用抗腐蚀，声浪浑厚，性价比高于钛合金版
春风 450SR 2025,尾端排气,Yoshimura 吉村,R77 尾段排气,无损安装，直接替换原厂尾段,3200,Yoshimura吉村美国官网,https://www.yoshimura-rd.com,https://img.alicdn.com/imgextra/i2/2180119250/O1CN012AueNY2ICYeH2hdod_!!2180119250.jpg,吉村R77尾段，大四角造型，碳纤维/不锈钢可选，直接替换原厂尾段
春风 450SR 2025,尾端排气,IXIL 亿西尔,OVS6 尾段排气,无损安装，直接替换原厂尾段,1500,IXIL亿西尔官网,https://www.ixil.com,https://img.alicdn.com/imgextra/i4/2180119250/O1CN01uk6tLR2ICYdk3YJF6_!!2180119250.jpg,IXIL OVS6尾段，双出设计，低扭提升，带消音塞，保留原厂前段
春风 450SR 2025,尾端排气,VANHOOL 万虎,钛合金尾段排气,无损安装，直接替换原厂尾段,1800,天猫万虎VANHOOL官方旗舰店,https://vanhool.tmall.com,https://gw.alicdn.com/imgextra/i2/1855735753/O1CN01g390UP1sMvKthP3YY_!!1855735753.jpg,万虎钛合金尾段，低沉回压不炸街，轻量化，保留原厂前段直接安装
春风 450SR 2025,尾端排气,MIVV 恶魔管,Speed Edge 尾段排气,无损安装，直接替换原厂尾段,1200,MIVV官网,https://www.mivv.com,https://img.alicdn.com/imgextra/i1/2682526870/O1CN01XdjPIk20cVsRAfFrN_!!2682526870.jpg,MIVV Speed Edge尾段，菱形尾嘴，运动风格，低扭提升，带消音塞
春风 450SR 2025,尾端排气,Yoshimura 吉村,R77 大四角尾段,无损安装，直接替换原厂尾段,3500,Yoshimura吉村美国官网,https://www.yoshimura-rd.com,https://img.alicdn.com/bao/uploaded/i4/2219958837433/O1CN01VzfsEy1if6vLqo1Bf_!!0-item_pic.jpg,吉村R77大四角尾段，碳纤维/不锈钢可选，浑厚低音，直接替换原厂尾段
春风 450SR 2025,尾端排气,Yoshimura 吉村,Alpha 碳纤维尾段,无损安装，直接替换原厂尾段,3800,Yoshimura吉村美国官网,https://www.yoshimura-rd.com,https://img.alicdn.com/imgextra/i4/1044455896/O1CN0135vr8X1tQQBjGEbav_!!1044455896.jpg,吉村Alpha碳纤维尾段，椭圆造型，轻量化，声浪低沉有力，颜值高
春风 450SR 2025,尾端排气,Yoshimura 吉村,Triton 尾段排气,无损安装，直接替换原厂尾段,896,Yoshimura吉村美国官网,https://www.yoshimura-rd.com,https://img.alicdn.com/imgextra/i2/2180119250/O1CN012AueNY2ICYeH2hdod_!!2180119250.jpg,吉村Triton尾段，锥形不锈钢尾嘴，赛道风格，高转声浪高亢
春风 450SR 2025,尾端排气,IXIL 亿西尔,X55 尾段排气,无损安装，直接替换原厂尾段,1800,IXIL亿西尔官网,https://www.ixil.com,https://gw.alicdn.com/imgextra/i2/1855735753/O1CN01g390UP1sMvKthP3YY_!!1855735753.jpg,IXIL X55尾段，单出椭圆尾嘴，高转表现优异，声浪高亢，性价比高
春风 450SR 2025,尾端排气,IXIL 亿西尔,双出尾段排气,无损安装，直接替换原厂尾段,2000,IXIL亿西尔官网,https://www.ixil.com,https://img.alicdn.com/imgextra/i1/2682526870/O1CN01XdjPIk20cVsRAfFrN_!!2682526870.jpg,IXIL双出尾段，左右对称设计，外观更战斗，声浪更浑厚，带双消音塞
春风 450SR 2025,尾端排气,SC Project,SC Project 圆筒尾段 51mm,无损安装，直接替换原厂尾段,800,SC Project官网,https://www.sc-project.com,https://sc-project.com/wp-content/uploads/2026/07/Banner_Aprilia_Homepage_PC_2240x963_150ppi.png,SC Project圆筒尾段，51mm接口，黑色/钛色可选，炸街声浪，带DB Killer
春风 450SR 2025,尾端排气,SC Project,SC Project 三角尾段,无损安装，直接替换原厂尾段,1000,SC Project官网,https://www.sc-project.com,https://sc-project.com/wp-content/uploads/2026/07/Banner_Aprilia_Homepage_PC_2240x963_150ppi.png,SC Project三角尾段，独特三角形尾嘴，赛道风格，声浪高亢炸裂
春风 450SR 2025,尾端排气,SC Project,CR-T 尾段排气,无损安装，直接替换原厂尾段,1500,SC Project官网,https://www.sc-project.com,https://sc-project.com/wp-content/uploads/2026/07/Banner_Aprilia_Homepage_PC_2240x963_150ppi.png,SC CR-T尾段，碳纤维尾嘴，轻量化，赛道级声浪，颜值与性能兼备
春风 450SR 2025,尾端排气,VANHOOL 万虎,VANHOOL 钛合金尾段,无损安装，直接替换原厂尾段,1800,天猫万虎VANHOOL官方旗舰店,https://vanhool.tmall.com,https://img.alicdn.com/imgextra/i4/2180119250/O1CN01uk6tLR2ICYdk3YJF6_!!2180119250.jpg,万虎钛合金尾段，低沉回压不炸街，轻量化，保留原厂前段直接安装
春风 450SR 2025,尾端排气,VANHOOL 万虎,不锈钢尾段排气,无损安装，直接替换原厂尾段,1200,天猫万虎VANHOOL官方旗舰店,https://vanhool.tmall.com,https://gw.alicdn.com/imgextra/i2/1855735753/O1CN01g390UP1sMvKthP3YY_!!1855735753.jpg,万虎不锈钢尾段，耐用抗腐蚀，低沉回压声浪，价格亲民，性价比高
春风 450SR 2025,尾端排气,VANHOOL 万虎,回压尾段排气,无损安装，直接替换原厂尾段,1500,天猫万虎VANHOOL官方旗舰店,https://vanhool.tmall.com,https://img.alicdn.com/imgextra/i1/2682526870/O1CN01XdjPIk20cVsRAfFrN_!!2682526870.jpg,万虎回压尾段，内置回压鼓，低扭提升明显，声浪低沉不扰民，适合日常通勤
春风 450SR 2025,尾端排气,ARROW 箭牌,ARROW 箭牌 Indy-Race 尾段,无损安装，直接替换原厂尾段,1800,ARROW箭牌官网,https://www.arrow.it,https://www.arrow.it/img/newSiteImg/ProdAziend01.jpg,意大利ARROW箭牌尾段，不锈钢/黑色可选，自带消音可拆，赛道风格，高亢声浪
春风 450SR 2025,尾端排气,ARROW 箭牌,X-Kone 尾段排气,无损安装，直接替换原厂尾段,1500,ARROW箭牌官网,https://www.arrow.it,https://www.arrow.it/img/newSiteImg/ProdAziend01.jpg,ARROW X-Kone尾段，锥形碳纤尾嘴，运动风格，高转声浪优异，轻量化
春风 450SR 2025,尾端排气,ARROW 箭牌,Race-Tech 尾段排气,无损安装，直接替换原厂尾段,2000,ARROW箭牌官网,https://www.arrow.it,https://www.arrow.it/img/newSiteImg/ProdAziend01.jpg,ARROW Race-Tech尾段，赛道级设计，铝合金尾嘴，声浪高亢，性能取向
春风 450SR 2025,LED转向灯,FUTURE EYES,450SR 流水LED转向灯,即插即用，无损替换原厂转向灯,250,淘宝未来之眼FUTURE EYES官方店,https://futureeyes.tmall.com,https://cbu01.alicdn.com/img/ibank/O1CN01hUuPio1i3YiNxXfvW_!!943964357-0-cib.jpg,流水转向灯，熏黑外壳，即插即用，亮度高寿命长，带日行灯效果
春风 450SR 2025,LED转向灯,FUTURE EYES,迷你流水转向灯,即插即用，无损替换原厂转向灯,180,淘宝未来之眼FUTURE EYES官方店,https://futureeyes.tmall.com,https://img.alicdn.com/imgextra/i4/2423987558/O1CN01TI86ab25hcNPO74ho_!!2423987558.jpg,未来之眼迷你流水款，体积小巧不突兀，熏黑外壳，流水效果，赛道风格
春风 450SR 2025,LED转向灯,FUTURE EYES,日行灯一体转向灯,即插即用，无损替换原厂转向灯,300,淘宝未来之眼FUTURE EYES官方店,https://futureeyes.tmall.com,https://img.alicdn.com/imgextra/i1/2482937508/O1CN01X5yl6x25KifwUqOPl_!!2482937508.jpg,未来之眼日行灯一体款，转向灯+日行灯二合一，双色LED，提升日间行车安全
春风 450SR 2025,LED转向灯,石栏（SHILAN）,石栏流水LED转向灯 熏黑款,即插即用，无损替换原厂转向灯,101,淘宝石栏SHILAN官方店,https://shilan.tmall.com,https://img.alicdn.com/bao/uploaded/i1/2212521476607/O1CN01FXiMAs1yg3fQ0HLnp_!!2212521476607.jpg,石栏流水LED转向灯，熏黑外壳，流水效果，即插即用，亮度高寿命长，带日行灯
春风 450SR 2025,LED转向灯,石栏（SHILAN）,迷你LED转向灯,即插即用，无损替换原厂转向灯,78,淘宝石栏SHILAN官方店,https://shilan.tmall.com,https://img.alicdn.com/imgextra/i1/3507097935/O1CN01Ses4ai28UHk530Xyu_!!3507097935.jpg,石栏迷你LED转向灯，体积小巧，透明/熏黑可选，即插即用，价格亲民
春风 450SR 2025,LED转向灯,石栏（SHILAN）,日行灯转向灯一体,即插即用，无损替换原厂转向灯,124,淘宝石栏SHILAN官方店,https://shilan.tmall.com,https://img.alicdn.com/bao/uploaded/i2/157326188/O1CN01CM6ECJ1va9wIQu6DO_!!157326188.jpg,石栏日行灯转向灯一体款，双色LED，转向黄光+日行白光，提升行车安全
春风 450SR 2025,LED转向灯,锐立普（RUILIPU）,锐立普迷你LED转向灯 流水款,即插即用，无损替换原厂转向灯,78,淘宝锐立普RUILIPU官方店,https://ruilipu.tmall.com,https://cbu01.alicdn.com/img/ibank/O1CN01hUuPio1i3YiNxXfvW_!!943964357-0-cib.jpg,锐立普迷你LED转向灯，流水效果，熏黑/透明可选，体积小不突兀，无损安装
春风 450SR 2025,LED转向灯,锐立普（RUILIPU）,三角流水转向灯,即插即用，无损替换原厂转向灯,89,淘宝锐立普RUILIPU官方店,https://ruilipu.tmall.com,https://img.alicdn.com/imgextra/i4/2423987558/O1CN01TI86ab25hcNPO74ho_!!2423987558.jpg,锐立普三角流水款，独特三角形造型，运动风格，流水效果，熏黑外壳
春风 450SR 2025,LED转向灯,锐立普（RUILIPU）,碳纤维纹转向灯,即插即用，无损替换原厂转向灯,112,淘宝锐立普RUILIPU官方店,https://ruilipu.tmall.com,https://img.alicdn.com/imgextra/i1/2482937508/O1CN01X5yl6x25KifwUqOPl_!!2482937508.jpg,锐立普碳纤维纹转向灯，碳纤纹理外壳，运动质感，流水LED，亮度高
春风 450SR 2025,LED转向灯,KOSO,KOSO 小无限LED序列式转向灯,即插即用，无损替换原厂转向灯,350,KOSO官网,https://www.koso.com.tw,https://img.alicdn.com/bao/uploaded/i1/2212521476607/O1CN01FXiMAs1yg3fQ0HLnp_!!2212521476607.jpg,中国台湾KOSO小无限LED序列式转向灯，赛道风格，体积小巧，流水序列式点亮，高品质
春风 450SR 2025,LED转向灯,KOSO,刀锋LED转向灯,即插即用，无损替换原厂转向灯,280,KOSO官网,https://www.koso.com.tw,https://img.alicdn.com/imgextra/i1/3507097935/O1CN01Ses4ai28UHk530Xyu_!!3507097935.jpg,KOSO刀锋LED转向灯，刀锋造型，运动风格，高亮度LED，序列式流水效果
春风 450SR 2025,LED转向灯,KOSO,圆形迷你转向灯,即插即用，无损替换原厂转向灯,200,KOSO官网,https://www.koso.com.tw,https://img.alicdn.com/bao/uploaded/i2/157326188/O1CN01CM6ECJ1va9wIQu6DO_!!157326188.jpg,KOSO圆形迷你转向灯，经典圆形设计，体积小巧，高亮度LED，即插即用
春风 450SR 2025,LED转向灯,飞利浦（PHILIPS）,飞利浦Ultinon Pro5000 LED转向灯,即插即用，无损替换原厂转向灯,172,Philips飞利浦官网,https://www.philips.com/c-mo/category/motorbike-lights,https://cbu01.alicdn.com/img/ibank/O1CN01hUuPio1i3YiNxXfvW_!!943964357-0-cib.jpg,飞利浦LED转向灯，高亮度长寿命，即插即用，防水设计，稳定可靠
春风 450SR 2025,LED转向灯,飞利浦（PHILIPS）,Ultinon Pro3000 LED转向灯,即插即用，无损替换原厂转向灯,138,Philips飞利浦官网,https://www.philips.com/c-mo/category/motorbike-lights,https://img.alicdn.com/imgextra/i4/2423987558/O1CN01TI86ab25hcNPO74ho_!!2423987558.jpg,飞利浦Ultinon Pro3000，入门级LED转向灯，亮度提升明显，即插即用，性价比高
春风 450SR 2025,LED转向灯,飞利浦（PHILIPS）,LED转向灯带日行灯,即插即用，无损替换原厂转向灯,206,Philips飞利浦官网,https://www.philips.com/c-mo/category/motorbike-lights,https://img.alicdn.com/imgextra/i1/2482937508/O1CN01X5yl6x25KifwUqOPl_!!2482937508.jpg,飞利浦LED转向灯带日行灯，双色一体，转向黄光+日行白光，提升日间行车安全
春风 450SR 2025,刹车系统,Brembo 布雷博,M40 对四活塞卡钳（前）,需配合车型专用转接码，需更换刹车油,2500,Brembo布雷博官网,https://www.brembo.com/en/solutions/for-your-bike,https://brem-p-001.sitecorecontenthub.cloud/api/public/content/8c7d26f5566d4a13916a0e46889ad1ae?v=f09543c5,意大利Brembo M40一体式大辐射卡钳，对四活塞，制动力强劲，赛道级性能，需配合转接码
春风 450SR 2025,刹车系统,Brembo 布雷博,292mm 浮动刹车盘（前）,需匹配卡钳尺寸，专业安装,1380,Brembo布雷博官网,https://www.brembo.com/en/solutions/for-your-bike,https://brem-p-001.sitecorecontenthub.cloud/api/public/content/8c7d26f5566d4a13916a0e46889ad1ae?v=f09543c5,Brembo Oro系列浮动刹车盘，292mm直径，散热好，制动稳定，减少热衰减
春风 450SR 2025,刹车系统,Brembo 布雷博,HH 烧结刹车片（前）,无损安装，直接替换原厂刹车片,436,Brembo布雷博官网,https://www.brembo.com/en/solutions/for-your-bike,https://brem-p-001.sitecorecontenthub.cloud/api/public/content/8c7d26f5566d4a13916a0e46889ad1ae?v=f09543c5,Brembo HH级烧结刹车片，高温制动稳定，摩擦系数高，赛道街道两用
春风 450SR 2025,刹车系统,Galfer,浮动刹车盘（前）,需匹配卡钳尺寸，专业安装,1000,Galfer官网,https://www.galfermoto.com,https://pic1.zhimg.com/v2-b4e8d973c2b0eb8b6640cad18a791b42_r.jpg,西班牙Galfer浮动刹车盘，波浪形设计，散热快，轻量化，制动线性
春风 450SR 2025,刹车系统,Galfer,烧结刹车片（前）,无损安装，直接替换原厂刹车片,350,Galfer官网,https://www.galfermoto.com,https://img.alicdn.com/bao/uploaded/i3/3375328559/O1CN01uASETp2D64nbKINHR_!!3375328559.jpg,Galfer HH级烧结刹车片，高温稳定，摩擦系数高，耐磨寿命长
春风 450SR 2025,刹车系统,Galfer,刹车钢喉（前）,需更换刹车油，专业排空气,300,Galfer官网,https://www.galfermoto.com,http://p6.itc.cn/q_70/images03/20200729/a17b2993ace9425da1643437b85474ed.jpeg,Galfer不锈钢编织刹车钢喉，减少油管膨胀，提升刹车手感，即插即用
春风 450SR 2025,刹车系统,Frando 车力屋,FCF640 对四活塞卡钳（前）,需配合车型专用转接码，需更换刹车油,1800,Frando车力屋官网,https://www.frando.com.tw,http://frando.com.tw/cdn/shop/files/5-02_047e9b17-c9b1-4329-b83a-af57cb15d25c.jpg?v=1774410445,中国台湾Frando FCF640一体式对四活塞卡钳，CNC加工，制动线性，性价比高
春风 450SR 2025,刹车系统,Frando 车力屋,刹车钢喉（前）,需更换刹车油，专业排空气,280,Frando车力屋官网,https://www.frando.com.tw,http://frando.com.tw/cdn/shop/files/5-02_047e9b17-c9b1-4329-b83a-af57cb15d25c.jpg?v=1774410445,Frando不锈钢编织刹车钢喉，提升刹车手感，减少膨胀，多种颜色可选
春风 450SR 2025,刹车系统,Frando 车力屋,烧结刹车片（前）,需配合车型专用转接码，需更换刹车油,320,Frando车力屋官网,https://www.frando.com.tw,http://frando.com.tw/cdn/shop/files/5-02_047e9b17-c9b1-4329-b83a-af57cb15d25c.jpg?v=1774410445,Frando HH级烧结刹车片，高温制动稳定，摩擦系数高，适配对四卡钳
春风 450SR 2025,刹车系统,Goodridge,刹车钢喉（前）,需更换刹车油，专业排空气,350,Goodridge官网,https://www.goodridge.com,https://pic1.zhimg.com/v2-b4e8d973c2b0eb8b6640cad18a791b42_r.jpg,英国Goodridge不锈钢编织刹车钢喉，航空级品质，减少油管膨胀，提升刹车手感
春风 450SR 2025,刹车系统,Goodridge,刹车钢喉（后）,需更换刹车油，专业排空气,300,Goodridge官网,https://www.goodridge.com,https://img.alicdn.com/bao/uploaded/i3/3375328559/O1CN01uASETp2D64nbKINHR_!!3375328559.jpg,Goodridge后刹车钢喉，不锈钢编织，提升后刹手感，即插即用，多种颜色
春风 450SR 2025,刹车系统,Goodridge,全车钢喉套装,需更换刹车油，专业排空气,600,Goodridge官网,https://www.goodridge.com,http://p6.itc.cn/q_70/images03/20200729/a17b2993ace9425da1643437b85474ed.jpeg,Goodridge前后刹车钢喉套装，全车替换，提升整体刹车手感，航空级编织
春风 450SR 2025,刹车系统,EBC,HH 烧结刹车片（前）,无损安装，直接替换原厂刹车片,350,EBC Brakes官网,https://www.ebcbrakes.com,https://www.ebcbrakes.com/wp-content/uploads/2021/04/automotive-products-002.png,英国EBC HH级金属烧结刹车片，高温制动稳定，R90认证，赛道街道两用
春风 450SR 2025,刹车系统,EBC,HH 烧结刹车片（后）,无损安装，直接替换原厂刹车片,300,EBC Brakes官网,https://www.ebcbrakes.com,https://www.ebcbrakes.com/wp-content/uploads/2021/04/automotive-products-002.png,EBC HH级后刹车片，金属烧结，高温稳定，摩擦系数高，耐磨寿命长
春风 450SR 2025,刹车系统,EBC,前后刹车片套装,无损安装，直接替换原厂刹车片,600,EBC Brakes官网,https://www.ebcbrakes.com,https://www.ebcbrakes.com/wp-content/uploads/2021/04/automotive-products-002.png,EBC前后HH级烧结刹车片套装，全车替换，高温制动稳定，性价比高
春风 450SR 2025,半热熔轮胎,正新,S3 半热熔轮胎 前120/70-17,需匹配轮毂尺寸，专业扒胎安装,500,正新轮胎官网,https://www.csttires.com/cn/motorcycle,https://img.alicdn.com/bao/uploaded/i4/61574342/O1CN01vyfhma1hwgXhu6o6Y_!!61574342.jpg,正新S3半热熔，干地抓地优秀，街道跑山兼顾，耐磨里程约8000km
春风 450SR 2025,半热熔轮胎,正新,AS5 刀疤二代半热熔 前120/70-17,需匹配轮毂尺寸，专业扒胎安装,420,正新轮胎官网,https://www.csttires.com/cn/motorcycle,https://img12.360buyimg.com/n1/s720x720_jfs/t1/249543/37/13727/157365/6684d6cfF19c64bfc/e4.jpg,正新AS5刀疤二代，独特刀疤胎纹，干湿地抓地均衡，赛道级性能，性价比高
春风 450SR 2025,半热熔轮胎,正新,S1 半热熔轮胎 前120/70-17,需匹配轮毂尺寸，专业扒胎安装,350,正新轮胎官网,https://www.csttires.com/cn/motorcycle,https://img.alicdn.com/imgextra/i2/78772569/O1CN011jal4g1UqeRlbSX5f_!!78772569.jpg,正新S1半热熔，入门级运动胎，干地抓地不错，耐磨耐用，价格亲民
春风 450SR 2025,半热熔轮胎,Michelin 米其林,Power 6 半热熔轮胎 前120/70-17,需匹配轮毂尺寸，专业扒胎安装,781,Michelin米其林官网,https://www.michelin.co.uk/motorbike/browse-tyres/by-family/power,https://img.alicdn.com/imgextra/i3/2213059464983/O1CN01WHzrG01mgGVtGyTAN_!!2213059464983.jpg,米其林Power6半热熔，街道全能，暖胎快，干湿地抓地优秀，耐磨里程约6000km
春风 450SR 2025,半热熔轮胎,Michelin 米其林,Power GP 半热熔轮胎 前120/70-17,需匹配轮毂尺寸，专业扒胎安装,950,Michelin米其林官网,https://www.michelin.co.uk/motorbike/browse-tyres/by-family/power,https://img11.360buyimg.com/n1/s720x720_jfs/t1/92813/16/35980/74260/66093baeF76639ca6/b31f.jpg,米其林Power GP，赛道级半热熔，大倾角抓地极强，暖胎快，赛道日/跑山首选
春风 450SR 2025,半热熔轮胎,Michelin 米其林,Power Cup 2 全热熔轮胎 前120/70-17,需匹配轮毂尺寸，专业扒胎安装,1472,Michelin米其林官网,https://www.michelin.co.uk/motorbike/browse-tyres/by-family/power,https://img12.360buyimg.com/n1/s720x720_jfs/t1/236212/32/22938/114056/66a9dc0fF6619c409/b8.jpg,米其林Power Cup 2，全热熔赛道胎，MotoGP技术下放，极致抓地，纯赛道使用
春风 450SR 2025,半热熔轮胎,Pirelli 倍耐力,Diablo Rosso IV 半热熔轮胎 前120/70-17,需匹配轮毂尺寸，专业扒胎安装,650,Pirelli倍耐力官网,https://www.pirelli.com/tyres/en-ww/motorcycle/catalogue/product/diablo-rosso-iv/180_55-17/3979400,https://tyre-images.pirelli.com/MKTData/MOTO/files/3738/motomediagalleryimage/_D3B8805.png,倍耐力Diablo Rosso4，WSBK赛道技术下放，大倾角抓地强，干湿全能
春风 450SR 2025,半热熔轮胎,Pirelli 倍耐力,大闪电 V4 SC 全热熔轮胎 前120/70-17,需匹配轮毂尺寸，专业扒胎安装,1200,Pirelli倍耐力官网,https://www.pirelli.com/tyres/en-ww/motorcycle/catalogue/product/diablo-rosso-iv/180_55-17/3979400,https://tyre-images.pirelli.com/MKTData/MOTO/files/3738/motomediagalleryimage/_D3B8805.png,倍耐力大闪电V4 SC，WSBK赛事同款，全热熔极致抓地，闪电胎纹，纯赛道利器
春风 450SR 2025,半热熔轮胎,Pirelli 倍耐力,Diablo Supercorsa SP 半热熔 前120/70-17,需匹配轮毂尺寸，专业扒胎安装,900,Pirelli倍耐力官网,https://www.pirelli.com/tyres/en-ww/motorcycle/catalogue/product/diablo-rosso-iv/180_55-17/3979400,https://tyre-images.pirelli.com/MKTData/MOTO/files/3738/motomediagalleryimage/_D3B8805.png,倍耐力Diablo Supercorsa SP，赛道级半热熔，街道合法，大倾角抓地强，跑山神器
春风 450SR 2025,半热熔轮胎,Dunlop 邓禄普,Sportmax Q5 半热熔轮胎 前120/70-17,需匹配轮毂尺寸，专业扒胎安装,700,Dunlop邓禄普摩托车轮胎官网,https://www.dunlopmotorcycletires.com,https://img.alicdn.com/imgextra/i3/2213059464983/O1CN01WHzrG01mgGVtGyTAN_!!2213059464983.jpg,邓禄普Sportmax Q5，综合性能强，干地抓地优秀，耐磨不错，性价比高
春风 450SR 2025,半热熔轮胎,Dunlop 邓禄普,Sportmax Q4 半热熔轮胎 前120/70-17,需匹配轮毂尺寸，专业扒胎安装,600,Dunlop邓禄普摩托车轮胎官网,https://www.dunlopmotorcycletires.com,https://img11.360buyimg.com/n1/s720x720_jfs/t1/92813/16/35980/74260/66093baeF76639ca6/b31f.jpg,邓禄普Sportmax Q4，上一代旗舰运动胎，干地抓地强，价格更低，性价比之选
春风 450SR 2025,半热熔轮胎,Dunlop 邓禄普,阿尔法 α-14 半热熔轮胎 前120/70-17,需匹配轮毂尺寸，专业扒胎安装,550,Dunlop邓禄普摩托车轮胎官网,https://www.dunlopmotorcycletires.com,https://img12.360buyimg.com/n1/s720x720_jfs/t1/236212/32/22938/114056/66a9dc0fF6619c409/b8.jpg,邓禄普阿尔法α-14，高性能运动胎，前后配专用配方，干湿地均衡，耐磨优秀
春风 450SR 2025,半热熔轮胎,Bridgestone 普利司通,Battlax S22 半热熔轮胎 前120/70-17,需匹配轮毂尺寸，专业扒胎安装,800,Bridgestone普利司通官网,https://www.bridgestone.com/products/motorcycle_tires,https://www.bridgestone.com/products/motorcycle_tires/shared/img/og_image.jpg,普利司通Battlax S22，hypersport级，暖胎快寿命长，干湿均衡，雅马哈MT-09原厂配套
春风 450SR 2025,半热熔轮胎,Bridgestone 普利司通,Battlax RS11 半热熔轮胎 前120/70-17,需匹配轮毂尺寸，专业扒胎安装,900,Bridgestone普利司通官网,https://www.bridgestone.com/products/motorcycle_tires,https://www.bridgestone.com/products/motorcycle_tires/shared/img/og_image.jpg,普利司通Battlax RS11，赛道级运动胎，大倾角抓地强，暖胎快，赛道日首选
春风 450SR 2025,半热熔轮胎,Bridgestone 普利司通,Battlax T32 运动旅行胎 前120/70-17,需匹配轮毂尺寸，专业扒胎安装,700,Bridgestone普利司通官网,https://www.bridgestone.com/products/motorcycle_tires,https://www.bridgestone.com/products/motorcycle_tires/shared/img/og_image.jpg,普利司通Battlax T32，运动旅行胎，干湿全能，耐磨里程长，长途摩旅舒适
春风 450SR 2025,发动机防摔,Evotech Performance,450SR 发动机防摔护罩,需配合车型专用支架，需拆车安装,800,Evotech Performance官网,https://www.evotech-performance.com,https://img.alicdn.com/i3/68078097/O1CN01OVniMF29gTeLe0xdY_!!68078097.jpg,英国EP原厂，CNC铝合金，发动机左右全覆盖，摔车保护发动机壳体
春风 450SR 2025,发动机防摔,Evotech Performance,车身防摔球,需配合车型专用支架，需拆车安装,500,Evotech Performance官网,https://www.evotech-performance.com,https://img.alicdn.com/imgextra/i3/1989356056/O1CN01ySwD0D1ubhbzXcyWg_!!1989356056.jpg,EP车身防摔球，CNC铝合金，多种颜色可选，安装简单，倒车保护车身和发动机
春风 450SR 2025,发动机防摔,Evotech Performance,水箱护网,无损安装，固定于水箱两侧,400,Evotech Performance官网,https://www.evotech-performance.com,https://img.alicdn.com/bao/uploaded/i3/2297654694/O1CN0101drsV1kXtpz72TqS_!!2297654694.jpg,EP水箱护网，铝合金材质，保护水箱不受飞石撞击，无损安装，提升散热效率
春风 450SR 2025,发动机防摔,国产改装（GB Racing款）,GB Racing 发动机左右保护罩套装,需专业工具，全套更换,350,淘宝GB Racing款发动机保护罩,https://s.taobao.com/search?q=GB+Racing+%E6%98%A5%E9%A3%8E,https://img.alicdn.com/imgextra/i3/2208672679844/O1CN01k3XQ5Y1zPzQzQzQz_!!2208672679844.jpg,英国GB Racing发动机保护罩，左右全覆盖，摔车保护发动机壳体，赛道验证，CNC精密加工
春风 450SR 2025,发动机防摔,国产改装（GB Racing款）,发动机边盖保护罩（左）,需配合车型专用支架，需拆车安装,180,淘宝GB Racing款发动机保护罩,https://s.taobao.com/search?q=GB+Racing+%E6%98%A5%E9%A3%8E,https://img.alicdn.com/bao/uploaded/i4/2200700040353/O1CN01zbwlsg1ETijZAgqfU_!!0-item_pic.jpg,GB Racing脉冲线圈保护盖，摔车保护脉冲线圈，避免倒车导致电路损坏，赛道验证
春风 450SR 2025,发动机防摔,国产改装（GB Racing款）,发动机边盖保护罩（右）,需配合车型专用支架，需拆车安装,180,淘宝GB Racing款发动机保护罩,https://s.taobao.com/search?q=GB+Racing+%E6%98%A5%E9%A3%8E,https://img.alicdn.com/imgextra/i2/2200756612091/O1CN01LRUypr1RJiyuAcsan_!!2200756612091.jpg,GB Racing水泵保护盖，摔车保护水泵壳体，避免倒车导致冷却液泄漏，精密加工
春风 450SR 2025,发动机防摔,速摩（SUMO）,速摩CNC铝合金车身防摔球,需配合车型专用支架，需拆车安装,206,淘宝速摩SUMO改装官方店,https://sumo.tmall.com,https://img.alicdn.com/i3/68078097/O1CN01OVniMF29gTeLe0xdY_!!68078097.jpg,速摩CNC铝合金车身防摔球，多种颜色可选，安装简单，倒车保护车身和发动机，性价比高
春风 450SR 2025,发动机防摔,速摩（SUMO）,竞技护杠保险杠,需配合车型专用支架，需拆车安装,299,淘宝速摩SUMO改装官方店,https://sumo.tmall.com,https://img.alicdn.com/imgextra/i3/1989356056/O1CN01ySwD0D1ubhbzXcyWg_!!1989356056.jpg,速摩竞技护杠，碳钢材质，无损安装，倒车保护发动机和车身，带防摔头，匹配度高
春风 450SR 2025,发动机防摔,速摩（SUMO）,后摇臂防摔球,需专业截链器安装，需匹配牙盘齿数,138,淘宝速摩SUMO改装官方店,https://sumo.tmall.com,https://img.alicdn.com/bao/uploaded/i3/2297654694/O1CN0101drsV1kXtpz72TqS_!!2297654694.jpg,速摩后摇臂防摔球，CNC铝合金，保护后摇臂和链条，倒车防刮蹭，多种颜色可选
春风 450SR 2025,发动机防摔,摩多狼（MOTOWOLF）,摩多狼摩托车防摔球保险杠套装,需专业工具，全套更换,138,天猫摩多狼MOTOWOLF官方旗舰店,https://motowolf.tmall.com,https://img.alicdn.com/imgextra/i3/2208672679844/O1CN01k3XQ5Y1zPzQzQzQz_!!2208672679844.jpg,摩多狼防摔球+护杠套装，铝合金材质，黑色/红色可选，倒车保护，安装简便，价格亲民
春风 450SR 2025,发动机防摔,摩多狼（MOTOWOLF）,单独防摔球,需配合车型专用支架，需拆车安装,92,天猫摩多狼MOTOWOLF官方旗舰店,https://motowolf.tmall.com,https://img.alicdn.com/bao/uploaded/i4/2200700040353/O1CN01zbwlsg1ETijZAgqfU_!!0-item_pic.jpg,摩多狼单独防摔球，CNC铝合金，多种颜色可选，安装简单，倒车保护车身，入门首选
春风 450SR 2025,发动机防摔,摩多狼（MOTOWOLF）,竞技护杠碳钢款,需配合车型专用支架，需拆车安装,184,天猫摩多狼MOTOWOLF官方旗舰店,https://motowolf.tmall.com,https://img.alicdn.com/imgextra/i2/2200756612091/O1CN01LRUypr1RJiyuAcsan_!!2200756612091.jpg,摩多狼竞技护杠碳钢款，高碳钢材质，强度高，无损安装，倒车保护发动机，性价比高
春风 450SR 2025,发动机防摔,CFMOTO 原厂护杠,450SR 原厂竞技护杠保险杠,需配合车型专用支架，需拆车安装,299,CFMOTO春风动力官网,https://cn.cfmoto.com,https://img.alicdn.com/i3/68078097/O1CN01OVniMF29gTeLe0xdY_!!68078097.jpg,春风原厂竞技护杠，碳钢材质，无损安装，倒车保护发动机和车身，带防摔头，匹配度高
春风 450SR 2025,发动机防摔,CFMOTO 原厂护杠,车身防摔球,需配合车型专用支架，需拆车安装,172,CFMOTO春风动力官网,https://cn.cfmoto.com,https://img.alicdn.com/imgextra/i3/1989356056/O1CN01ySwD0D1ubhbzXcyWg_!!1989356056.jpg,春风原厂车身防摔球，CNC铝合金，无损安装，倒车保护车身，原厂品质，匹配度高
春风 450SR 2025,发动机防摔,CFMOTO 原厂护杠,水箱护网,无损安装，固定于水箱两侧,138,CFMOTO春风动力官网,https://cn.cfmoto.com,https://img.alicdn.com/bao/uploaded/i3/2297654694/O1CN0101drsV1kXtpz72TqS_!!2297654694.jpg,春风原厂水箱护网，铝合金材质，保护水箱不受飞石撞击，无损安装，原厂匹配
春风 450SR 2025,竞技风挡,普奇,450SR 竞技熏黑风挡,需拆除原厂风挡，无损替换安装,350,Puig普奇官网,https://www.puig.tv,https://img.alicdn.com/i4/2200700040353/O1CN01RopPga1ETiV1dutsC_!!2200700040353.jpg,西班牙Puig原厂，竞技降低款，熏黑光学级亚克力，减少高速风压
春风 450SR 2025,竞技风挡,普奇,加高旅行风挡,需拆除原厂风挡，无损替换安装,400,Puig普奇官网,https://www.puig.tv,https://img.alicdn.com/imgextra/i3/1989356056/O1CN01ySwD0D1ubhbzXcyWg_!!1989356056.jpg,Puig加高旅行款，增加高度减少胸口风压，长途摩旅舒适，透明/熏黑可选
春风 450SR 2025,竞技风挡,普奇,R-Racer 竞技风挡,需拆除原厂风挡，无损替换安装,450,Puig普奇官网,https://www.puig.tv,https://img.alicdn.com/bao/uploaded/i4/2200700040353/O1CN01zbwlsg1ETijZAgqfU_!!0-item_pic.jpg,Puig R-Racer款，赛道级低风阻造型，双层扰流设计，极致竞技风格
春风 450SR 2025,竞技风挡,CFMOTO 原厂加高风挡,450SR 原厂加高旅行风挡,需拆除原厂风挡，无损替换安装,206,CFMOTO春风动力官网,https://cn.cfmoto.com,https://img.alicdn.com/imgextra/i2/2200756612091/O1CN01LRUypr1RJiyuAcsan_!!2200756612091.jpg,春风原厂加高风挡，无损安装，减少高速胸口风压，透明/熏黑可选
春风 450SR 2025,竞技风挡,CFMOTO 原厂加高风挡,竞技降低风挡,需拆除原厂风挡，无损替换安装,172,CFMOTO春风动力官网,https://cn.cfmoto.com,https://img.alicdn.com/i3/68078097/O1CN01OVniMF29gTeLe0xdY_!!68078097.jpg,春风原厂竞技降低款，赛道风格，降低风阻，外观更战斗，无损安装
春风 450SR 2025,竞技风挡,CFMOTO 原厂加高风挡,透明加高风挡,需拆除原厂风挡，无损替换安装,184,CFMOTO春风动力官网,https://cn.cfmoto.com,https://img.alicdn.com/i2/2200700040353/O1CN017iDVO11ETiUuw7Yjv_!!2200700040353.jpg,春风原厂透明加高款，高透光学级亚克力，视野清晰，减少高速风压
春风 450SR 2025,竞技风挡,RCR,Zero Gravity SR 竞技风挡,需拆除原厂风挡，无损替换安装,482,淘宝RCR竞技风挡官方店,https://rcr.tmall.com,https://img.alicdn.com/i4/2200700040353/O1CN01RopPga1ETiV1dutsC_!!2200700040353.jpg,美国Zero Gravity SR系列竞技风挡，降低风阻，赛道造型，光学级亚克力
春风 450SR 2025,竞技风挡,RCR,Double Bubble 风挡,需拆除原厂风挡，无损替换安装,529,淘宝RCR竞技风挡官方店,https://rcr.tmall.com,https://img.alicdn.com/imgextra/i3/1989356056/O1CN01ySwD0D1ubhbzXcyWg_!!1989356056.jpg,Zero Gravity Double Bubble款，双气泡造型，赛道级空气动力学，趴赛姿态友好
春风 450SR 2025,竞技风挡,RCR,Corsa 竞技风挡,需拆除原厂风挡，无损替换安装,552,淘宝RCR竞技风挡官方店,https://rcr.tmall.com,https://img.alicdn.com/bao/uploaded/i4/2200700040353/O1CN01zbwlsg1ETijZAgqfU_!!0-item_pic.jpg,Zero Gravity Corsa款，极致赛道造型，超低风阻，熏黑/透明可选，赛道日首选
春风 450SR 2025,竞技风挡,肌车狼,WRS Race 竞技风挡,需拆除原厂风挡，无损替换安装,436,淘宝肌车狼改装官方店,https://jichelang.taobao.com,https://img.alicdn.com/imgextra/i2/2200756612091/O1CN01LRUypr1RJiyuAcsan_!!2200756612091.jpg,意大利WRS Race竞技风挡，赛道低风阻设计，减少高速风压，熏黑光学级亚克力
春风 450SR 2025,竞技风挡,肌车狼,Touring 加高风挡,需拆除原厂风挡，无损替换安装,459,淘宝肌车狼改装官方店,https://jichelang.taobao.com,https://img.alicdn.com/i3/68078097/O1CN01OVniMF29gTeLe0xdY_!!68078097.jpg,WRS Touring加高款，增加高度减少风压，长途舒适，透明/熏黑可选
春风 450SR 2025,竞技风挡,肌车狼,Standard 标准风挡,需拆除原厂风挡，无损替换安装,402,淘宝肌车狼改装官方店,https://jichelang.taobao.com,https://img.alicdn.com/i2/2200700040353/O1CN017iDVO11ETiUuw7Yjv_!!2200700040353.jpg,WRS Standard标准款，接近原厂高度，优化风阻曲线，透明高透，性价比高
春风 450SR 2025,竞技风挡,摩多狼（MOTOWOLF）,MRA Racing 竞技风挡,需拆除原厂风挡，无损替换安装,413,天猫摩多狼MOTOWOLF官方旗舰店,https://motowolf.tmall.com,https://img.alicdn.com/i4/2200700040353/O1CN01RopPga1ETiV1dutsC_!!2200700040353.jpg,德国MRA Racing竞技风挡，人体工学设计，减少颈部风压，透明/熏黑/烟灰色可选
春风 450SR 2025,竞技风挡,摩多狼（MOTOWOLF）,Touring 加高风挡,需拆除原厂风挡，无损替换安装,436,天猫摩多狼MOTOWOLF官方旗舰店,https://motowolf.tmall.com,https://img.alicdn.com/imgextra/i3/1989356056/O1CN01ySwD0D1ubhbzXcyWg_!!1989356056.jpg,MRA Touring加高款，大幅减少胸口风压，长途摩旅舒适，德国品质
春风 450SR 2025,竞技风挡,摩多狼（MOTOWOLF）,Original 原厂款风挡,需拆除原厂风挡，无损替换安装,368,天猫摩多狼MOTOWOLF官方旗舰店,https://motowolf.tmall.com,https://img.alicdn.com/bao/uploaded/i4/2200700040353/O1CN01zbwlsg1ETijZAgqfU_!!0-item_pic.jpg,MRA Original原厂款，与原厂高度一致，优化风阻，高透亚克力，替换原厂风挡
春风 450SR 2025,链条牙盘,DID 日本大同,VX3 520 油封链条（黄金）,需专业截链器安装，需匹配牙盘齿数,550,DID链条官网,https://www.didchain.com/collections/didchains,http://cdn.shopify.com/s/files/1/0614/8253/3026/products/520VX3_Steel_P.jpg?crop=center&height=1200&v=1751289083&width=1200,日本DID 520VX3黄金油封链条，G&G油封，低摩擦长寿命，赛道级强度，120节
春风 450SR 2025,链条牙盘,DID 日本大同,ZVM-X 520 链条（顶级）,需专业截链器安装，需匹配牙盘齿数,850,DID链条官网,https://www.didchain.com/collections/didchains,http://cdn.shopify.com/s/files/1/0614/8253/3026/products/520VX3_Steel_P.jpg?crop=center&height=1200&v=1751289083&width=1200,DID ZVM-X顶级链条，X-ring油封，超低摩擦，超高强度，MotoGP技术下放，120节
春风 450SR 2025,链条牙盘,DID 日本大同,前后牙盘套装,需匹配原厂安装位，专业工具安装,781,DID链条官网,https://www.didchain.com/collections/didchains,http://cdn.shopify.com/s/files/1/0614/8253/3026/products/520VX3_Steel_P.jpg?crop=center&height=1200&v=1751289083&width=1200,DID前后牙盘套装，钢制后牙盘+铝合金前小飞，轻量化，传动效率高，多种齿数可选
春风 450SR 2025,链条牙盘,RK 日本,GXW 520 油封链条,需专业截链器安装，需匹配牙盘齿数,350,RK Excel官网,https://www.rkexcel.com,https://img.alicdn.com/bao/uploaded/i3/1690613588/O1CN01sKXveV1cNLwjQoAKm_!!1690613588.jpg,日本RK 520GXW油封链条，X-ring油封，低摩擦长寿命，多种颜色可选，120节
春风 450SR 2025,链条牙盘,RK 日本,ZVX 520 链条（X-ring）,需专业截链器安装，需匹配牙盘齿数,500,RK Excel官网,https://www.rkexcel.com,https://img.alicdn.com/bao/uploaded/i2/1594581565/O1CN01eGdyi51NQoh3D1dkm_!!0-item_pic.jpg,RK ZVX系列X-ring链条，顶级强度，超低摩擦，赛道级性能，多种颜色，120节
春风 450SR 2025,链条牙盘,RK 日本,轻量化后牙盘,需匹配原厂安装位，专业工具安装,250,RK Excel官网,https://www.rkexcel.com,https://img.alicdn.com/imgextra/i1/114505056/O1CN011u8GpQ1nDhIptKlm0_!!0-item_pic.jpg,RK轻量化钢制后牙盘，热处理工艺，强度高耐磨，多种齿数可选，提升加速
春风 450SR 2025,链条牙盘,EK 日本,SRX2 520 油封链条,需专业截链器安装，需匹配牙盘齿数,436,EK Chain官网,https://www.ekchain.com,https://img.alicdn.com/imgextra/i2/2604508095/O1CN01pRZkvA29fZ0g2T2DY_!!2604508095.png,日本EK SRX2系列油封链条，Q-ring油封，低摩擦长寿命，性价比高，120节
春风 450SR 2025,链条牙盘,EK 日本,MVXZ 520 链条,需专业截链器安装，需匹配牙盘齿数,667,EK Chain官网,https://www.ekchain.com,https://img.alicdn.com/i2/1690613588/O1CN018TDOMh1cNLn1f5mz7_!!1690613588.png,EK MVXZ系列X-ring链条，高强度低摩擦，赛道级性能，多种颜色可选，120节
春风 450SR 2025,链条牙盘,EK 日本,QX环链条,需专业截链器安装，需匹配牙盘齿数,368,EK Chain官网,https://www.ekchain.com,https://img.alicdn.com/i1/114505056/O1CN01DE7UmP1nDhL0QRb7t_!!114505056.jpg,EK QX-ring油封链条，独特QX油封设计，低摩擦长寿命，入门级运动链条，120节
春风 450SR 2025,链条牙盘,征和,X圈油封链条 520,需专业截链器安装，需匹配牙盘齿数,206,天猫征和链条官方旗舰店,https://zhenghe.tmall.com,https://img.alicdn.com/bao/uploaded/i3/1690613588/O1CN01sKXveV1cNLwjQoAKm_!!1690613588.jpg,中国征和X圈油封链条，国产精品，X-ring油封，低摩擦长寿命，性价比极高，120节
春风 450SR 2025,链条牙盘,征和,加厚油封链条,需专业截链器安装，需匹配牙盘齿数,252,天猫征和链条官方旗舰店,https://zhenghe.tmall.com,https://img.alicdn.com/bao/uploaded/i2/1594581565/O1CN01eGdyi51NQoh3D1dkm_!!0-item_pic.jpg,征和加厚油封链条，加强型链板，更高强度，耐磨寿命长，适合大排量，120节
春风 450SR 2025,链条牙盘,征和,前后牙盘套装,需匹配原厂安装位，专业工具安装,322,天猫征和链条官方旗舰店,https://zhenghe.tmall.com,https://img.alicdn.com/imgextra/i1/114505056/O1CN011u8GpQ1nDhIptKlm0_!!0-item_pic.jpg,征和前后牙盘套装，钢制后牙盘+前小飞，热处理工艺，耐磨强度高，多种齿数
春风 450SR 2025,链条牙盘,AFAM 西班牙,轻量化后牙盘（钢制）,需匹配原厂安装位，专业工具安装,436,AFAM西班牙官网,https://www.afam.it,https://img.alicdn.com/imgextra/i2/2604508095/O1CN01pRZkvA29fZ0g2T2DY_!!2604508095.png,西班牙AFAM轻量化钢制后牙盘，RLK系列，镂空设计减重，热处理耐磨，多种齿数
春风 450SR 2025,链条牙盘,AFAM 西班牙,前小飞轮,需匹配原厂输出轴，专业工具安装,138,AFAM西班牙官网,https://www.afam.it,https://img.alicdn.com/i2/1690613588/O1CN018TDOMh1cNLn1f5mz7_!!1690613588.png,AFAM前小飞轮，钢制热处理，耐磨强度高，多种齿数可选（13-16齿），提升加速
春风 450SR 2025,链条牙盘,AFAM 西班牙,链条牙盘套装,需专业截链器安装，需匹配牙盘齿数,667,AFAM西班牙官网,https://www.afam.it,https://img.alicdn.com/i1/114505056/O1CN01DE7UmP1nDhL0QRb7t_!!114505056.jpg,AFAM链条牙盘套装，轻量化后牙盘+前小飞+DID/RK链条，全车传动升级，性价比高
春风 675SR-R 2024,全段排气,火刃（HUOREN）,675SR-R 钛合金全段排气,需配合 ECU 调校，需拆除原厂全段排气,1200,淘宝火刃HUOREN官方店,https://huoren.tmall.com,https://img.alicdn.com/imgextra/i2/2217995830151/O1CN01jj2Yha1CzCqQzSODI_!!2217995830151.jpg,钛合金全段，带碳纤维尾盖，减重2.3kg，需配合ECU调校
春风 675SR-R 2024,全段排气,火刃（HUOREN）,全段不锈钢排气,需配合 ECU 调校，需拆除原厂全段排气,800,淘宝火刃HUOREN官方店,https://huoren.tmall.com,https://img1.bitauto.com/appimage-630-w1/news/2021/12/13/4df8291707544481ae92bbec5c302334.jpg,天蝎不锈钢全段，耐用抗腐蚀，声浪浑厚，性价比高于钛合金版
春风 675SR-R 2024,全段排气,Yoshimura 吉村,R77 大四角全段排气,需配合 ECU 调校，需拆除原厂全段排气,4500,Yoshimura吉村美国官网,https://www.yoshimura-rd.com,https://img.alicdn.com/imgextra/i1/552579775/O1CN01IFU87c2M50Zfqa1kJ_!!552579775.jpg,日本吉村R77大四角，碳纤维尾盖，浑厚低音，无损安装，带DB Killer
春风 675SR-R 2024,全段排气,Yoshimura 吉村,Alpha T 全段排气,需配合 ECU 调校，需拆除原厂全段排气,5200,Yoshimura吉村美国官网,https://www.yoshimura-rd.com,https://img.alicdn.com/imgextra/i1/552579775/O1CN01IFU87c2M50Zfqa1kJ_!!552579775.jpg,吉村Alpha T全段，椭圆碳纤维尾嘴，造型独特，声浪低沉有力
春风 675SR-R 2024,全段排气,IXIL 亿西尔,OVS6 全段排气,需配合 ECU 调校，需拆除原厂全段排气,2200,IXIL亿西尔官网,https://www.ixil.com,https://img.alicdn.com/imgextra/i1/2200692679397/O1CN01qw1P9E2JHsQaML1a1_!!2200692679397.jpg,西班牙IXIL OVS6赛车级全段，双出设计，低扭提升明显，带消音塞
春风 675SR-R 2024,全段排气,IXIL 亿西尔,X55 全段排气,需配合 ECU 调校，需拆除原厂全段排气,2600,IXIL亿西尔官网,https://www.ixil.com,https://img.alicdn.com/bao/uploaded/i3/2297654694/O1CN0101drsV1kXtpz72TqS_!!2297654694.jpg,IXIL X55全段，单出椭圆尾嘴，高转表现优异，声浪高亢，性价比高
春风 675SR-R 2024,全段排气,VANHOOL 万虎,钛合金全段底排,需配合 ECU 调校，需拆除原厂全段排气,3500,天猫万虎VANHOOL官方旗舰店,https://vanhool.tmall.com,https://img.alicdn.com/imgextra/i2/2217995830151/O1CN01jj2Yha1CzCqQzSODI_!!2217995830151.jpg,中国台湾万虎，钛合金全段底排，音浪低沉比赛级，减重明显
春风 675SR-R 2024,全段排气,VANHOOL 万虎,不锈钢全段排气,需配合 ECU 调校，需拆除原厂全段排气,2500,天猫万虎VANHOOL官方旗舰店,https://vanhool.tmall.com,https://img1.bitauto.com/appimage-630-w1/news/2021/12/13/4df8291707544481ae92bbec5c302334.jpg,万虎不锈钢全段，耐用抗腐蚀，低沉回压声浪，价格低于钛合金版
春风 675SR-R 2024,全段排气,MIVV 恶魔管,小魔鬼短款全段排气,需配合 ECU 调校，需拆除原厂全段排气,1800,MIVV官网,https://www.mivv.com,https://img.alicdn.com/imgextra/i1/552579775/O1CN01IFU87c2M50Zfqa1kJ_!!552579775.jpg,意大利MIVV恶魔管造型，小魔鬼短款全黑色，炸街声浪，带消音塞
春风 675SR-R 2024,全段排气,MIVV 恶魔管,小魔鬼长款全段排气,需配合 ECU 调校，需拆除原厂全段排气,2200,MIVV官网,https://www.mivv.com,https://img.alicdn.com/imgextra/i1/552579775/O1CN01IFU87c2M50Zfqa1kJ_!!552579775.jpg,MIVV小魔鬼长款，银色仿碳头，造型更战斗，声浪比短款更浑厚
春风 675SR-R 2024,尾端排气,火刃（HUOREN）,尾段碳纤维排气,无损安装，直接替换原厂尾段,600,淘宝火刃HUOREN官方店,https://huoren.tmall.com,https://img.alicdn.com/imgextra/i4/2180119250/O1CN01uk6tLR2ICYdk3YJF6_!!2180119250.jpg,天蝎碳纤维尾段，轻量化，高亢声浪，保留原厂前段直接安装
春风 675SR-R 2024,尾端排气,Yoshimura 吉村,R77 尾段排气,无损安装，直接替换原厂尾段,3200,Yoshimura吉村美国官网,https://www.yoshimura-rd.com,https://gw.alicdn.com/imgextra/i2/1855735753/O1CN01g390UP1sMvKthP3YY_!!1855735753.jpg,吉村R77尾段，大四角造型，碳纤维/不锈钢可选，直接替换原厂尾段
春风 675SR-R 2024,尾端排气,IXIL 亿西尔,OVS6 尾段排气,无损安装，直接替换原厂尾段,1500,IXIL亿西尔官网,https://www.ixil.com,https://img.alicdn.com/imgextra/i1/2682526870/O1CN01XdjPIk20cVsRAfFrN_!!2682526870.jpg,IXIL OVS6尾段，双出设计，低扭提升，带消音塞，保留原厂前段
春风 675SR-R 2024,尾端排气,VANHOOL 万虎,钛合金尾段排气,无损安装，直接替换原厂尾段,1800,天猫万虎VANHOOL官方旗舰店,https://vanhool.tmall.com,https://img.alicdn.com/bao/uploaded/i4/2219958837433/O1CN01VzfsEy1if6vLqo1Bf_!!0-item_pic.jpg,万虎钛合金尾段，低沉回压不炸街，轻量化，保留原厂前段直接安装
春风 675SR-R 2024,尾端排气,MIVV 恶魔管,Speed Edge 尾段排气,无损安装，直接替换原厂尾段,1200,MIVV官网,https://www.mivv.com,https://img.alicdn.com/imgextra/i4/1044455896/O1CN0135vr8X1tQQBjGEbav_!!1044455896.jpg,MIVV Speed Edge尾段，菱形尾嘴，运动风格，低扭提升，带消音塞
春风 675SR-R 2024,尾端排气,Yoshimura 吉村,R77 大四角尾段,无损安装，直接替换原厂尾段,3500,Yoshimura吉村美国官网,https://www.yoshimura-rd.com,https://img.alicdn.com/imgextra/i2/2180119250/O1CN012AueNY2ICYeH2hdod_!!2180119250.jpg,吉村R77大四角尾段，碳纤维/不锈钢可选，浑厚低音，直接替换原厂尾段
春风 675SR-R 2024,尾端排气,Yoshimura 吉村,Alpha 碳纤维尾段,无损安装，直接替换原厂尾段,3800,Yoshimura吉村美国官网,https://www.yoshimura-rd.com,https://img.alicdn.com/imgextra/i4/2180119250/O1CN01uk6tLR2ICYdk3YJF6_!!2180119250.jpg,吉村Alpha碳纤维尾段，椭圆造型，轻量化，声浪低沉有力，颜值高
春风 675SR-R 2024,尾端排气,Yoshimura 吉村,Triton 尾段排气,无损安装，直接替换原厂尾段,975,Yoshimura吉村美国官网,https://www.yoshimura-rd.com,https://gw.alicdn.com/imgextra/i2/1855735753/O1CN01g390UP1sMvKthP3YY_!!1855735753.jpg,吉村Triton尾段，锥形不锈钢尾嘴，赛道风格，高转声浪高亢
春风 675SR-R 2024,尾端排气,IXIL 亿西尔,X55 尾段排气,无损安装，直接替换原厂尾段,1800,IXIL亿西尔官网,https://www.ixil.com,https://img.alicdn.com/bao/uploaded/i4/2219958837433/O1CN01VzfsEy1if6vLqo1Bf_!!0-item_pic.jpg,IXIL X55尾段，单出椭圆尾嘴，高转表现优异，声浪高亢，性价比高
春风 675SR-R 2024,尾端排气,IXIL 亿西尔,双出尾段排气,无损安装，直接替换原厂尾段,2000,IXIL亿西尔官网,https://www.ixil.com,https://img.alicdn.com/imgextra/i4/1044455896/O1CN0135vr8X1tQQBjGEbav_!!1044455896.jpg,IXIL双出尾段，左右对称设计，外观更战斗，声浪更浑厚，带双消音塞
春风 675SR-R 2024,尾端排气,SC Project,SC Project 圆筒尾段 51mm,无损安装，直接替换原厂尾段,800,SC Project官网,https://www.sc-project.com,https://sc-project.com/wp-content/uploads/2026/07/Banner_Aprilia_Homepage_PC_2240x963_150ppi.png,SC Project圆筒尾段，51mm接口，黑色/钛色可选，炸街声浪，带DB Killer
春风 675SR-R 2024,尾端排气,SC Project,SC Project 三角尾段,无损安装，直接替换原厂尾段,1000,SC Project官网,https://www.sc-project.com,https://sc-project.com/wp-content/uploads/2026/07/Banner_Aprilia_Homepage_PC_2240x963_150ppi.png,SC Project三角尾段，独特三角形尾嘴，赛道风格，声浪高亢炸裂
春风 675SR-R 2024,尾端排气,SC Project,CR-T 尾段排气,无损安装，直接替换原厂尾段,1500,SC Project官网,https://www.sc-project.com,https://sc-project.com/wp-content/uploads/2026/07/Banner_Aprilia_Homepage_PC_2240x963_150ppi.png,SC CR-T尾段，碳纤维尾嘴，轻量化，赛道级声浪，颜值与性能兼备
春风 675SR-R 2024,尾端排气,VANHOOL 万虎,VANHOOL 钛合金尾段,无损安装，直接替换原厂尾段,1800,天猫万虎VANHOOL官方旗舰店,https://vanhool.tmall.com,https://img.alicdn.com/imgextra/i1/2682526870/O1CN01XdjPIk20cVsRAfFrN_!!2682526870.jpg,万虎钛合金尾段，低沉回压不炸街，轻量化，保留原厂前段直接安装
春风 675SR-R 2024,尾端排气,VANHOOL 万虎,不锈钢尾段排气,无损安装，直接替换原厂尾段,1200,天猫万虎VANHOOL官方旗舰店,https://vanhool.tmall.com,https://img.alicdn.com/bao/uploaded/i4/2219958837433/O1CN01VzfsEy1if6vLqo1Bf_!!0-item_pic.jpg,万虎不锈钢尾段，耐用抗腐蚀，低沉回压声浪，价格亲民，性价比高
春风 675SR-R 2024,尾端排气,VANHOOL 万虎,回压尾段排气,无损安装，直接替换原厂尾段,1500,天猫万虎VANHOOL官方旗舰店,https://vanhool.tmall.com,https://img.alicdn.com/imgextra/i4/1044455896/O1CN0135vr8X1tQQBjGEbav_!!1044455896.jpg,万虎回压尾段，内置回压鼓，低扭提升明显，声浪低沉不扰民，适合日常通勤
春风 675SR-R 2024,尾端排气,ARROW 箭牌,ARROW 箭牌 Indy-Race 尾段,无损安装，直接替换原厂尾段,1800,ARROW箭牌官网,https://www.arrow.it,https://www.arrow.it/img/newSiteImg/ProdAziend01.jpg,意大利ARROW箭牌尾段，不锈钢/黑色可选，自带消音可拆，赛道风格，高亢声浪
春风 675SR-R 2024,尾端排气,ARROW 箭牌,X-Kone 尾段排气,无损安装，直接替换原厂尾段,1500,ARROW箭牌官网,https://www.arrow.it,https://www.arrow.it/img/newSiteImg/ProdAziend01.jpg,ARROW X-Kone尾段，锥形碳纤尾嘴，运动风格，高转声浪优异，轻量化
春风 675SR-R 2024,尾端排气,ARROW 箭牌,Race-Tech 尾段排气,无损安装，直接替换原厂尾段,2000,ARROW箭牌官网,https://www.arrow.it,https://www.arrow.it/img/newSiteImg/ProdAziend01.jpg,ARROW Race-Tech尾段，赛道级设计，铝合金尾嘴，声浪高亢，性能取向
春风 675SR-R 2024,LED转向灯,FUTURE EYES,675SR-R 流水LED转向灯,即插即用，无损替换原厂转向灯,250,淘宝未来之眼FUTURE EYES官方店,https://futureeyes.tmall.com,https://img.alicdn.com/bao/uploaded/i1/2212521476607/O1CN01FXiMAs1yg3fQ0HLnp_!!2212521476607.jpg,流水转向灯，熏黑外壳，即插即用，亮度高寿命长，带日行灯效果
春风 675SR-R 2024,LED转向灯,FUTURE EYES,迷你流水转向灯,即插即用，无损替换原厂转向灯,180,淘宝未来之眼FUTURE EYES官方店,https://futureeyes.tmall.com,https://img.alicdn.com/imgextra/i1/3507097935/O1CN01Ses4ai28UHk530Xyu_!!3507097935.jpg,未来之眼迷你流水款，体积小巧不突兀，熏黑外壳，流水效果，赛道风格
春风 675SR-R 2024,LED转向灯,FUTURE EYES,日行灯一体转向灯,即插即用，无损替换原厂转向灯,300,淘宝未来之眼FUTURE EYES官方店,https://futureeyes.tmall.com,https://img.alicdn.com/bao/uploaded/i2/157326188/O1CN01CM6ECJ1va9wIQu6DO_!!157326188.jpg,未来之眼日行灯一体款，转向灯+日行灯二合一，双色LED，提升日间行车安全
春风 675SR-R 2024,LED转向灯,石栏（SHILAN）,石栏流水LED转向灯 熏黑款,即插即用，无损替换原厂转向灯,110,淘宝石栏SHILAN官方店,https://shilan.tmall.com,https://cbu01.alicdn.com/img/ibank/O1CN01hUuPio1i3YiNxXfvW_!!943964357-0-cib.jpg,石栏流水LED转向灯，熏黑外壳，流水效果，即插即用，亮度高寿命长，带日行灯
春风 675SR-R 2024,LED转向灯,石栏（SHILAN）,迷你LED转向灯,即插即用，无损替换原厂转向灯,85,淘宝石栏SHILAN官方店,https://shilan.tmall.com,https://img.alicdn.com/imgextra/i4/2423987558/O1CN01TI86ab25hcNPO74ho_!!2423987558.jpg,石栏迷你LED转向灯，体积小巧，透明/熏黑可选，即插即用，价格亲民
春风 675SR-R 2024,LED转向灯,石栏（SHILAN）,日行灯转向灯一体,即插即用，无损替换原厂转向灯,135,淘宝石栏SHILAN官方店,https://shilan.tmall.com,https://img.alicdn.com/imgextra/i1/2482937508/O1CN01X5yl6x25KifwUqOPl_!!2482937508.jpg,石栏日行灯转向灯一体款，双色LED，转向黄光+日行白光，提升行车安全
春风 675SR-R 2024,LED转向灯,锐立普（RUILIPU）,锐立普迷你LED转向灯 流水款,即插即用，无损替换原厂转向灯,85,淘宝锐立普RUILIPU官方店,https://ruilipu.tmall.com,https://img.alicdn.com/bao/uploaded/i1/2212521476607/O1CN01FXiMAs1yg3fQ0HLnp_!!2212521476607.jpg,锐立普迷你LED转向灯，流水效果，熏黑/透明可选，体积小不突兀，无损安装
春风 675SR-R 2024,LED转向灯,锐立普（RUILIPU）,三角流水转向灯,即插即用，无损替换原厂转向灯,97,淘宝锐立普RUILIPU官方店,https://ruilipu.tmall.com,https://img.alicdn.com/imgextra/i1/3507097935/O1CN01Ses4ai28UHk530Xyu_!!3507097935.jpg,锐立普三角流水款，独特三角形造型，运动风格，流水效果，熏黑外壳
春风 675SR-R 2024,LED转向灯,锐立普（RUILIPU）,碳纤维纹转向灯,即插即用，无损替换原厂转向灯,122,淘宝锐立普RUILIPU官方店,https://ruilipu.tmall.com,https://img.alicdn.com/bao/uploaded/i2/157326188/O1CN01CM6ECJ1va9wIQu6DO_!!157326188.jpg,锐立普碳纤维纹转向灯，碳纤纹理外壳，运动质感，流水LED，亮度高
春风 675SR-R 2024,LED转向灯,KOSO,KOSO 小无限LED序列式转向灯,即插即用，无损替换原厂转向灯,350,KOSO官网,https://www.koso.com.tw,https://cbu01.alicdn.com/img/ibank/O1CN01hUuPio1i3YiNxXfvW_!!943964357-0-cib.jpg,中国台湾KOSO小无限LED序列式转向灯，赛道风格，体积小巧，流水序列式点亮，高品质
春风 675SR-R 2024,LED转向灯,KOSO,刀锋LED转向灯,即插即用，无损替换原厂转向灯,280,KOSO官网,https://www.koso.com.tw,https://img.alicdn.com/imgextra/i4/2423987558/O1CN01TI86ab25hcNPO74ho_!!2423987558.jpg,KOSO刀锋LED转向灯，刀锋造型，运动风格，高亮度LED，序列式流水效果
春风 675SR-R 2024,LED转向灯,KOSO,圆形迷你转向灯,即插即用，无损替换原厂转向灯,200,KOSO官网,https://www.koso.com.tw,https://img.alicdn.com/imgextra/i1/2482937508/O1CN01X5yl6x25KifwUqOPl_!!2482937508.jpg,KOSO圆形迷你转向灯，经典圆形设计，体积小巧，高亮度LED，即插即用
春风 675SR-R 2024,LED转向灯,飞利浦（PHILIPS）,飞利浦Ultinon Pro5000 LED转向灯,即插即用，无损替换原厂转向灯,187,Philips飞利浦官网,https://www.philips.com/c-mo/category/motorbike-lights,https://img.alicdn.com/bao/uploaded/i1/2212521476607/O1CN01FXiMAs1yg3fQ0HLnp_!!2212521476607.jpg,飞利浦LED转向灯，高亮度长寿命，即插即用，防水设计，稳定可靠
春风 675SR-R 2024,LED转向灯,飞利浦（PHILIPS）,Ultinon Pro3000 LED转向灯,即插即用，无损替换原厂转向灯,150,Philips飞利浦官网,https://www.philips.com/c-mo/category/motorbike-lights,https://img.alicdn.com/imgextra/i1/3507097935/O1CN01Ses4ai28UHk530Xyu_!!3507097935.jpg,飞利浦Ultinon Pro3000，入门级LED转向灯，亮度提升明显，即插即用，性价比高
春风 675SR-R 2024,LED转向灯,飞利浦（PHILIPS）,LED转向灯带日行灯,即插即用，无损替换原厂转向灯,225,Philips飞利浦官网,https://www.philips.com/c-mo/category/motorbike-lights,https://img.alicdn.com/bao/uploaded/i2/157326188/O1CN01CM6ECJ1va9wIQu6DO_!!157326188.jpg,飞利浦LED转向灯带日行灯，双色一体，转向黄光+日行白光，提升日间行车安全
春风 675SR-R 2024,刹车系统,Brembo 布雷博,M40 对四活塞卡钳（前）,需配合车型专用转接码，需更换刹车油,2500,Brembo布雷博官网,https://www.brembo.com/en/solutions/for-your-bike,https://brem-p-001.sitecorecontenthub.cloud/api/public/content/8c7d26f5566d4a13916a0e46889ad1ae?v=f09543c5,意大利Brembo M40一体式大辐射卡钳，对四活塞，制动力强劲，赛道级性能，需配合转接码
春风 675SR-R 2024,刹车系统,Brembo 布雷博,300mm 浮动刹车盘（前）,需匹配卡钳尺寸，专业安装,1500,Brembo布雷博官网,https://www.brembo.com/en/solutions/for-your-bike,https://brem-p-001.sitecorecontenthub.cloud/api/public/content/8c7d26f5566d4a13916a0e46889ad1ae?v=f09543c5,Brembo Oro系列浮动刹车盘，300mm直径，散热好，制动稳定，减少热衰减
春风 675SR-R 2024,刹车系统,Brembo 布雷博,HH 烧结刹车片（前）,无损安装，直接替换原厂刹车片,475,Brembo布雷博官网,https://www.brembo.com/en/solutions/for-your-bike,https://brem-p-001.sitecorecontenthub.cloud/api/public/content/8c7d26f5566d4a13916a0e46889ad1ae?v=f09543c5,Brembo HH级烧结刹车片，高温制动稳定，摩擦系数高，赛道街道两用
春风 675SR-R 2024,刹车系统,Galfer,浮动刹车盘（前）,需匹配卡钳尺寸，专业安装,1000,Galfer官网,https://www.galfermoto.com,https://www.paddock-gp.com/wp-content/uploads/2023/03/Moto2_brembo.jpg,西班牙Galfer浮动刹车盘，波浪形设计，散热快，轻量化，制动线性
春风 675SR-R 2024,刹车系统,Galfer,烧结刹车片（前）,无损安装，直接替换原厂刹车片,350,Galfer官网,https://www.galfermoto.com,https://img.alicdn.com/i2/1020966318/O1CN01rvnOSB1wXgywYEbqu_!!1020966318.jpg,Galfer HH级烧结刹车片，高温稳定，摩擦系数高，耐磨寿命长
春风 675SR-R 2024,刹车系统,Galfer,刹车钢喉（前）,需更换刹车油，专业排空气,300,Galfer官网,https://www.galfermoto.com,https://pic3.zhimg.com/v2-b5cc06b6625d203d2b762d1a43f02178_720w.jpg,Galfer不锈钢编织刹车钢喉，减少油管膨胀，提升刹车手感，即插即用
春风 675SR-R 2024,刹车系统,Frando 车力屋,FCF640 对四活塞卡钳（前）,需配合车型专用转接码，需更换刹车油,1800,Frando车力屋官网,https://www.frando.com.tw,http://frando.com.tw/cdn/shop/files/5-02_047e9b17-c9b1-4329-b83a-af57cb15d25c.jpg?v=1774410445,中国台湾Frando FCF640一体式对四活塞卡钳，CNC加工，制动线性，性价比高
春风 675SR-R 2024,刹车系统,Frando 车力屋,刹车钢喉（前）,需更换刹车油，专业排空气,280,Frando车力屋官网,https://www.frando.com.tw,http://frando.com.tw/cdn/shop/files/5-02_047e9b17-c9b1-4329-b83a-af57cb15d25c.jpg?v=1774410445,Frando不锈钢编织刹车钢喉，提升刹车手感，减少膨胀，多种颜色可选
春风 675SR-R 2024,刹车系统,Frando 车力屋,烧结刹车片（前）,需配合车型专用转接码，需更换刹车油,320,Frando车力屋官网,https://www.frando.com.tw,http://frando.com.tw/cdn/shop/files/5-02_047e9b17-c9b1-4329-b83a-af57cb15d25c.jpg?v=1774410445,Frando HH级烧结刹车片，高温制动稳定，摩擦系数高，适配对四卡钳
春风 675SR-R 2024,刹车系统,Goodridge,刹车钢喉（前）,需更换刹车油，专业排空气,350,Goodridge官网,https://www.goodridge.com,https://www.paddock-gp.com/wp-content/uploads/2023/03/Moto2_brembo.jpg,英国Goodridge不锈钢编织刹车钢喉，航空级品质，减少油管膨胀，提升刹车手感
春风 675SR-R 2024,刹车系统,Goodridge,刹车钢喉（后）,需更换刹车油，专业排空气,300,Goodridge官网,https://www.goodridge.com,https://img.alicdn.com/i2/1020966318/O1CN01rvnOSB1wXgywYEbqu_!!1020966318.jpg,Goodridge后刹车钢喉，不锈钢编织，提升后刹手感，即插即用，多种颜色
春风 675SR-R 2024,刹车系统,Goodridge,全车钢喉套装,需更换刹车油，专业排空气,600,Goodridge官网,https://www.goodridge.com,https://pic3.zhimg.com/v2-b5cc06b6625d203d2b762d1a43f02178_720w.jpg,Goodridge前后刹车钢喉套装，全车替换，提升整体刹车手感，航空级编织
春风 675SR-R 2024,刹车系统,EBC,HH 烧结刹车片（前）,无损安装，直接替换原厂刹车片,350,EBC Brakes官网,https://www.ebcbrakes.com,https://www.ebcbrakes.com/wp-content/uploads/2021/04/automotive-products-002.png,英国EBC HH级金属烧结刹车片，高温制动稳定，R90认证，赛道街道两用
春风 675SR-R 2024,刹车系统,EBC,HH 烧结刹车片（后）,无损安装，直接替换原厂刹车片,300,EBC Brakes官网,https://www.ebcbrakes.com,https://www.ebcbrakes.com/wp-content/uploads/2021/04/automotive-products-002.png,EBC HH级后刹车片，金属烧结，高温稳定，摩擦系数高，耐磨寿命长
春风 675SR-R 2024,刹车系统,EBC,前后刹车片套装,无损安装，直接替换原厂刹车片,600,EBC Brakes官网,https://www.ebcbrakes.com,https://www.ebcbrakes.com/wp-content/uploads/2021/04/automotive-products-002.png,EBC前后HH级烧结刹车片套装，全车替换，高温制动稳定，性价比高
春风 675SR-R 2024,半热熔轮胎,正新,S3 半热熔轮胎 前120/70-17,需匹配轮毂尺寸，专业扒胎安装,500,正新轮胎官网,https://www.csttires.com/cn/motorcycle,https://img.alicdn.com/imgextra/i3/2213059464983/O1CN01WHzrG01mgGVtGyTAN_!!2213059464983.jpg,正新S3半热熔，干地抓地优秀，街道跑山兼顾，耐磨里程约8000km
春风 675SR-R 2024,半热熔轮胎,正新,AS5 刀疤二代半热熔 前120/70-17,需匹配轮毂尺寸，专业扒胎安装,420,正新轮胎官网,https://www.csttires.com/cn/motorcycle,https://img11.360buyimg.com/n1/s720x720_jfs/t1/92813/16/35980/74260/66093baeF76639ca6/b31f.jpg,正新AS5刀疤二代，独特刀疤胎纹，干湿地抓地均衡，赛道级性能，性价比高
春风 675SR-R 2024,半热熔轮胎,正新,S1 半热熔轮胎 前120/70-17,需匹配轮毂尺寸，专业扒胎安装,350,正新轮胎官网,https://www.csttires.com/cn/motorcycle,https://img12.360buyimg.com/n1/s720x720_jfs/t1/236212/32/22938/114056/66a9dc0fF6619c409/b8.jpg,正新S1半热熔，入门级运动胎，干地抓地不错，耐磨耐用，价格亲民
春风 675SR-R 2024,半热熔轮胎,Michelin 米其林,Power 6 半热熔轮胎 前120/70-17,需匹配轮毂尺寸，专业扒胎安装,850,Michelin米其林官网,https://www.michelin.co.uk/motorbike/browse-tyres/by-family/power,https://img.alicdn.com/bao/uploaded/i4/61574342/O1CN01vyfhma1hwgXhu6o6Y_!!61574342.jpg,米其林Power6半热熔，街道全能，暖胎快，干湿地抓地优秀，耐磨里程约6000km
春风 675SR-R 2024,半热熔轮胎,Michelin 米其林,Power GP 半热熔轮胎 前120/70-17,需匹配轮毂尺寸，专业扒胎安装,950,Michelin米其林官网,https://www.michelin.co.uk/motorbike/browse-tyres/by-family/power,https://img12.360buyimg.com/n1/s720x720_jfs/t1/249543/37/13727/157365/6684d6cfF19c64bfc/e4.jpg,米其林Power GP，赛道级半热熔，大倾角抓地极强，暖胎快，赛道日/跑山首选
春风 675SR-R 2024,半热熔轮胎,Michelin 米其林,Power Cup 2 全热熔轮胎 前120/70-17,需匹配轮毂尺寸，专业扒胎安装,1600,Michelin米其林官网,https://www.michelin.co.uk/motorbike/browse-tyres/by-family/power,https://img.alicdn.com/imgextra/i2/78772569/O1CN011jal4g1UqeRlbSX5f_!!78772569.jpg,米其林Power Cup 2，全热熔赛道胎，MotoGP技术下放，极致抓地，纯赛道使用
春风 675SR-R 2024,半热熔轮胎,Pirelli 倍耐力,Diablo Rosso IV 半热熔轮胎 前120/70-17,需匹配轮毂尺寸，专业扒胎安装,650,Pirelli倍耐力官网,https://www.pirelli.com/tyres/en-ww/motorcycle/catalogue/product/diablo-rosso-iv/180_55-17/3979400,https://tyre-images.pirelli.com/MKTData/MOTO/files/3738/motomediagalleryimage/_D3B8805.png,倍耐力Diablo Rosso4，WSBK赛道技术下放，大倾角抓地强，干湿全能
春风 675SR-R 2024,半热熔轮胎,Pirelli 倍耐力,大闪电 V4 SC 全热熔轮胎 前120/70-17,需匹配轮毂尺寸，专业扒胎安装,1200,Pirelli倍耐力官网,https://www.pirelli.com/tyres/en-ww/motorcycle/catalogue/product/diablo-rosso-iv/180_55-17/3979400,https://tyre-images.pirelli.com/MKTData/MOTO/files/3738/motomediagalleryimage/_D3B8805.png,倍耐力大闪电V4 SC，WSBK赛事同款，全热熔极致抓地，闪电胎纹，纯赛道利器
春风 675SR-R 2024,半热熔轮胎,Pirelli 倍耐力,Diablo Supercorsa SP 半热熔 前120/70-17,需匹配轮毂尺寸，专业扒胎安装,900,Pirelli倍耐力官网,https://www.pirelli.com/tyres/en-ww/motorcycle/catalogue/product/diablo-rosso-iv/180_55-17/3979400,https://tyre-images.pirelli.com/MKTData/MOTO/files/3738/motomediagalleryimage/_D3B8805.png,倍耐力Diablo Supercorsa SP，赛道级半热熔，街道合法，大倾角抓地强，跑山神器
春风 675SR-R 2024,半热熔轮胎,Dunlop 邓禄普,Sportmax Q5 半热熔轮胎 前120/70-17,需匹配轮毂尺寸，专业扒胎安装,700,Dunlop邓禄普摩托车轮胎官网,https://www.dunlopmotorcycletires.com,https://img.alicdn.com/bao/uploaded/i4/61574342/O1CN01vyfhma1hwgXhu6o6Y_!!61574342.jpg,邓禄普Sportmax Q5，综合性能强，干地抓地优秀，耐磨不错，性价比高
春风 675SR-R 2024,半热熔轮胎,Dunlop 邓禄普,Sportmax Q4 半热熔轮胎 前120/70-17,需匹配轮毂尺寸，专业扒胎安装,600,Dunlop邓禄普摩托车轮胎官网,https://www.dunlopmotorcycletires.com,https://img12.360buyimg.com/n1/s720x720_jfs/t1/249543/37/13727/157365/6684d6cfF19c64bfc/e4.jpg,邓禄普Sportmax Q4，上一代旗舰运动胎，干地抓地强，价格更低，性价比之选
春风 675SR-R 2024,半热熔轮胎,Dunlop 邓禄普,阿尔法 α-14 半热熔轮胎 前120/70-17,需匹配轮毂尺寸，专业扒胎安装,550,Dunlop邓禄普摩托车轮胎官网,https://www.dunlopmotorcycletires.com,https://img.alicdn.com/imgextra/i2/78772569/O1CN011jal4g1UqeRlbSX5f_!!78772569.jpg,邓禄普阿尔法α-14，高性能运动胎，前后配专用配方，干湿地均衡，耐磨优秀
春风 675SR-R 2024,半热熔轮胎,Bridgestone 普利司通,Battlax S22 半热熔轮胎 前120/70-17,需匹配轮毂尺寸，专业扒胎安装,800,Bridgestone普利司通官网,https://www.bridgestone.com/products/motorcycle_tires,https://www.bridgestone.com/products/motorcycle_tires/shared/img/og_image.jpg,普利司通Battlax S22，hypersport级，暖胎快寿命长，干湿均衡，雅马哈MT-09原厂配套
春风 675SR-R 2024,半热熔轮胎,Bridgestone 普利司通,Battlax RS11 半热熔轮胎 前120/70-17,需匹配轮毂尺寸，专业扒胎安装,900,Bridgestone普利司通官网,https://www.bridgestone.com/products/motorcycle_tires,https://www.bridgestone.com/products/motorcycle_tires/shared/img/og_image.jpg,普利司通Battlax RS11，赛道级运动胎，大倾角抓地强，暖胎快，赛道日首选
春风 675SR-R 2024,半热熔轮胎,Bridgestone 普利司通,Battlax T32 运动旅行胎 前120/70-17,需匹配轮毂尺寸，专业扒胎安装,700,Bridgestone普利司通官网,https://www.bridgestone.com/products/motorcycle_tires,https://www.bridgestone.com/products/motorcycle_tires/shared/img/og_image.jpg,普利司通Battlax T32，运动旅行胎，干湿全能，耐磨里程长，长途摩旅舒适
春风 675SR-R 2024,发动机防摔,Evotech Performance,675SR-R 发动机防摔护罩,需配合车型专用支架，需拆车安装,800,Evotech Performance官网,https://www.evotech-performance.com,https://img.alicdn.com/imgextra/i3/2208672679844/O1CN01k3XQ5Y1zPzQzQzQz_!!2208672679844.jpg,英国EP原厂，CNC铝合金，发动机左右全覆盖，摔车保护发动机壳体
春风 675SR-R 2024,发动机防摔,Evotech Performance,车身防摔球,需配合车型专用支架，需拆车安装,500,Evotech Performance官网,https://www.evotech-performance.com,https://img.alicdn.com/bao/uploaded/i4/2200700040353/O1CN01zbwlsg1ETijZAgqfU_!!0-item_pic.jpg,EP车身防摔球，CNC铝合金，多种颜色可选，安装简单，倒车保护车身和发动机
春风 675SR-R 2024,发动机防摔,Evotech Performance,水箱护网,无损安装，固定于水箱两侧,400,Evotech Performance官网,https://www.evotech-performance.com,https://img.alicdn.com/imgextra/i2/2200756612091/O1CN01LRUypr1RJiyuAcsan_!!2200756612091.jpg,EP水箱护网，铝合金材质，保护水箱不受飞石撞击，无损安装，提升散热效率
春风 675SR-R 2024,发动机防摔,国产改装（GB Racing款）,GB Racing 发动机左右保护罩套装,需专业工具，全套更换,350,淘宝GB Racing款发动机保护罩,https://s.taobao.com/search?q=GB+Racing+%E6%98%A5%E9%A3%8E,https://img.alicdn.com/i3/68078097/O1CN01OVniMF29gTeLe0xdY_!!68078097.jpg,英国GB Racing发动机保护罩，左右全覆盖，摔车保护发动机壳体，赛道验证，CNC精密加工
春风 675SR-R 2024,发动机防摔,国产改装（GB Racing款）,发动机边盖保护罩（左）,需配合车型专用支架，需拆车安装,180,淘宝GB Racing款发动机保护罩,https://s.taobao.com/search?q=GB+Racing+%E6%98%A5%E9%A3%8E,https://img.alicdn.com/imgextra/i3/1989356056/O1CN01ySwD0D1ubhbzXcyWg_!!1989356056.jpg,GB Racing脉冲线圈保护盖，摔车保护脉冲线圈，避免倒车导致电路损坏，赛道验证
春风 675SR-R 2024,发动机防摔,国产改装（GB Racing款）,发动机边盖保护罩（右）,需配合车型专用支架，需拆车安装,180,淘宝GB Racing款发动机保护罩,https://s.taobao.com/search?q=GB+Racing+%E6%98%A5%E9%A3%8E,https://img.alicdn.com/bao/uploaded/i3/2297654694/O1CN0101drsV1kXtpz72TqS_!!2297654694.jpg,GB Racing水泵保护盖，摔车保护水泵壳体，避免倒车导致冷却液泄漏，精密加工
春风 675SR-R 2024,发动机防摔,速摩（SUMO）,速摩CNC铝合金车身防摔球,需配合车型专用支架，需拆车安装,225,淘宝速摩SUMO改装官方店,https://sumo.tmall.com,https://img.alicdn.com/imgextra/i3/2208672679844/O1CN01k3XQ5Y1zPzQzQzQz_!!2208672679844.jpg,速摩CNC铝合金车身防摔球，多种颜色可选，安装简单，倒车保护车身和发动机，性价比高
春风 675SR-R 2024,发动机防摔,速摩（SUMO）,竞技护杠保险杠,需配合车型专用支架，需拆车安装,325,淘宝速摩SUMO改装官方店,https://sumo.tmall.com,https://img.alicdn.com/bao/uploaded/i4/2200700040353/O1CN01zbwlsg1ETijZAgqfU_!!0-item_pic.jpg,速摩竞技护杠，碳钢材质，无损安装，倒车保护发动机和车身，带防摔头，匹配度高
春风 675SR-R 2024,发动机防摔,速摩（SUMO）,后摇臂防摔球,需专业截链器安装，需匹配牙盘齿数,150,淘宝速摩SUMO改装官方店,https://sumo.tmall.com,https://img.alicdn.com/imgextra/i2/2200756612091/O1CN01LRUypr1RJiyuAcsan_!!2200756612091.jpg,速摩后摇臂防摔球，CNC铝合金，保护后摇臂和链条，倒车防刮蹭，多种颜色可选
春风 675SR-R 2024,发动机防摔,摩多狼（MOTOWOLF）,摩多狼摩托车防摔球保险杠套装,需专业工具，全套更换,150,天猫摩多狼MOTOWOLF官方旗舰店,https://motowolf.tmall.com,https://img.alicdn.com/i3/68078097/O1CN01OVniMF29gTeLe0xdY_!!68078097.jpg,摩多狼防摔球+护杠套装，铝合金材质，黑色/红色可选，倒车保护，安装简便，价格亲民
春风 675SR-R 2024,发动机防摔,摩多狼（MOTOWOLF）,单独防摔球,需配合车型专用支架，需拆车安装,100,天猫摩多狼MOTOWOLF官方旗舰店,https://motowolf.tmall.com,https://img.alicdn.com/imgextra/i3/1989356056/O1CN01ySwD0D1ubhbzXcyWg_!!1989356056.jpg,摩多狼单独防摔球，CNC铝合金，多种颜色可选，安装简单，倒车保护车身，入门首选
春风 675SR-R 2024,发动机防摔,摩多狼（MOTOWOLF）,竞技护杠碳钢款,需配合车型专用支架，需拆车安装,200,天猫摩多狼MOTOWOLF官方旗舰店,https://motowolf.tmall.com,https://img.alicdn.com/bao/uploaded/i3/2297654694/O1CN0101drsV1kXtpz72TqS_!!2297654694.jpg,摩多狼竞技护杠碳钢款，高碳钢材质，强度高，无损安装，倒车保护发动机，性价比高
春风 675SR-R 2024,发动机防摔,CFMOTO 原厂护杠,675SR-R 原厂竞技护杠保险杠,需配合车型专用支架，需拆车安装,325,CFMOTO春风动力官网,https://cn.cfmoto.com,https://img.alicdn.com/imgextra/i3/2208672679844/O1CN01k3XQ5Y1zPzQzQzQz_!!2208672679844.jpg,春风原厂竞技护杠，碳钢材质，无损安装，倒车保护发动机和车身，带防摔头，匹配度高
春风 675SR-R 2024,发动机防摔,CFMOTO 原厂护杠,车身防摔球,需配合车型专用支架，需拆车安装,187,CFMOTO春风动力官网,https://cn.cfmoto.com,https://img.alicdn.com/bao/uploaded/i4/2200700040353/O1CN01zbwlsg1ETijZAgqfU_!!0-item_pic.jpg,春风原厂车身防摔球，CNC铝合金，无损安装，倒车保护车身，原厂品质，匹配度高
春风 675SR-R 2024,发动机防摔,CFMOTO 原厂护杠,水箱护网,无损安装，固定于水箱两侧,150,CFMOTO春风动力官网,https://cn.cfmoto.com,https://img.alicdn.com/imgextra/i2/2200756612091/O1CN01LRUypr1RJiyuAcsan_!!2200756612091.jpg,春风原厂水箱护网，铝合金材质，保护水箱不受飞石撞击，无损安装，原厂匹配
春风 675SR-R 2024,竞技风挡,普奇,675SR-R 竞技熏黑风挡,需拆除原厂风挡，无损替换安装,350,Puig普奇官网,https://www.puig.tv,https://img.alicdn.com/imgextra/i2/2200756612091/O1CN01LRUypr1RJiyuAcsan_!!2200756612091.jpg,西班牙Puig原厂，竞技降低款，熏黑光学级亚克力，减少高速风压
春风 675SR-R 2024,竞技风挡,普奇,加高旅行风挡,需拆除原厂风挡，无损替换安装,400,Puig普奇官网,https://www.puig.tv,https://img.alicdn.com/i3/68078097/O1CN01OVniMF29gTeLe0xdY_!!68078097.jpg,Puig加高旅行款，增加高度减少胸口风压，长途摩旅舒适，透明/熏黑可选
春风 675SR-R 2024,竞技风挡,普奇,R-Racer 竞技风挡,需拆除原厂风挡，无损替换安装,450,Puig普奇官网,https://www.puig.tv,https://img.alicdn.com/i2/2200700040353/O1CN017iDVO11ETiUuw7Yjv_!!2200700040353.jpg,Puig R-Racer款，赛道级低风阻造型，双层扰流设计，极致竞技风格
春风 675SR-R 2024,竞技风挡,CFMOTO 原厂加高风挡,675SR-R 原厂加高旅行风挡,需拆除原厂风挡，无损替换安装,225,CFMOTO春风动力官网,https://cn.cfmoto.com,https://img.alicdn.com/i4/2200700040353/O1CN01RopPga1ETiV1dutsC_!!2200700040353.jpg,春风原厂加高风挡，无损安装，减少高速胸口风压，透明/熏黑可选
春风 675SR-R 2024,竞技风挡,CFMOTO 原厂加高风挡,竞技降低风挡,需拆除原厂风挡，无损替换安装,187,CFMOTO春风动力官网,https://cn.cfmoto.com,https://img.alicdn.com/imgextra/i3/1989356056/O1CN01ySwD0D1ubhbzXcyWg_!!1989356056.jpg,春风原厂竞技降低款，赛道风格，降低风阻，外观更战斗，无损安装
春风 675SR-R 2024,竞技风挡,CFMOTO 原厂加高风挡,透明加高风挡,需拆除原厂风挡，无损替换安装,200,CFMOTO春风动力官网,https://cn.cfmoto.com,https://img.alicdn.com/bao/uploaded/i4/2200700040353/O1CN01zbwlsg1ETijZAgqfU_!!0-item_pic.jpg,春风原厂透明加高款，高透光学级亚克力，视野清晰，减少高速风压
春风 675SR-R 2024,竞技风挡,RCR,Zero Gravity SR 竞技风挡,需拆除原厂风挡，无损替换安装,525,淘宝RCR竞技风挡官方店,https://rcr.tmall.com,https://img.alicdn.com/imgextra/i2/2200756612091/O1CN01LRUypr1RJiyuAcsan_!!2200756612091.jpg,美国Zero Gravity SR系列竞技风挡，降低风阻，赛道造型，光学级亚克力
春风 675SR-R 2024,竞技风挡,RCR,Double Bubble 风挡,需拆除原厂风挡，无损替换安装,575,淘宝RCR竞技风挡官方店,https://rcr.tmall.com,https://img.alicdn.com/i3/68078097/O1CN01OVniMF29gTeLe0xdY_!!68078097.jpg,Zero Gravity Double Bubble款，双气泡造型，赛道级空气动力学，趴赛姿态友好
春风 675SR-R 2024,竞技风挡,RCR,Corsa 竞技风挡,需拆除原厂风挡，无损替换安装,600,淘宝RCR竞技风挡官方店,https://rcr.tmall.com,https://img.alicdn.com/i2/2200700040353/O1CN017iDVO11ETiUuw7Yjv_!!2200700040353.jpg,Zero Gravity Corsa款，极致赛道造型，超低风阻，熏黑/透明可选，赛道日首选
春风 675SR-R 2024,竞技风挡,肌车狼,WRS Race 竞技风挡,需拆除原厂风挡，无损替换安装,475,淘宝肌车狼改装官方店,https://jichelang.taobao.com,https://img.alicdn.com/i4/2200700040353/O1CN01RopPga1ETiV1dutsC_!!2200700040353.jpg,意大利WRS Race竞技风挡，赛道低风阻设计，减少高速风压，熏黑光学级亚克力
春风 675SR-R 2024,竞技风挡,肌车狼,Touring 加高风挡,需拆除原厂风挡，无损替换安装,500,淘宝肌车狼改装官方店,https://jichelang.taobao.com,https://img.alicdn.com/imgextra/i3/1989356056/O1CN01ySwD0D1ubhbzXcyWg_!!1989356056.jpg,WRS Touring加高款，增加高度减少风压，长途舒适，透明/熏黑可选
春风 675SR-R 2024,竞技风挡,肌车狼,Standard 标准风挡,需拆除原厂风挡，无损替换安装,437,淘宝肌车狼改装官方店,https://jichelang.taobao.com,https://img.alicdn.com/bao/uploaded/i4/2200700040353/O1CN01zbwlsg1ETijZAgqfU_!!0-item_pic.jpg,WRS Standard标准款，接近原厂高度，优化风阻曲线，透明高透，性价比高
春风 675SR-R 2024,竞技风挡,摩多狼（MOTOWOLF）,MRA Racing 竞技风挡,需拆除原厂风挡，无损替换安装,450,天猫摩多狼MOTOWOLF官方旗舰店,https://motowolf.tmall.com,https://img.alicdn.com/imgextra/i2/2200756612091/O1CN01LRUypr1RJiyuAcsan_!!2200756612091.jpg,德国MRA Racing竞技风挡，人体工学设计，减少颈部风压，透明/熏黑/烟灰色可选
春风 675SR-R 2024,竞技风挡,摩多狼（MOTOWOLF）,Touring 加高风挡,需拆除原厂风挡，无损替换安装,475,天猫摩多狼MOTOWOLF官方旗舰店,https://motowolf.tmall.com,https://img.alicdn.com/i3/68078097/O1CN01OVniMF29gTeLe0xdY_!!68078097.jpg,MRA Touring加高款，大幅减少胸口风压，长途摩旅舒适，德国品质
春风 675SR-R 2024,竞技风挡,摩多狼（MOTOWOLF）,Original 原厂款风挡,需拆除原厂风挡，无损替换安装,400,天猫摩多狼MOTOWOLF官方旗舰店,https://motowolf.tmall.com,https://img.alicdn.com/i2/2200700040353/O1CN017iDVO11ETiUuw7Yjv_!!2200700040353.jpg,MRA Original原厂款，与原厂高度一致，优化风阻，高透亚克力，替换原厂风挡
春风 675SR-R 2024,链条牙盘,DID 日本大同,VX3 520 油封链条（黄金）,需专业截链器安装，需匹配牙盘齿数,550,DID链条官网,https://www.didchain.com/collections/didchains,http://cdn.shopify.com/s/files/1/0614/8253/3026/products/520VX3_Steel_P.jpg?crop=center&height=1200&v=1751289083&width=1200,日本DID 520VX3黄金油封链条，G&G油封，低摩擦长寿命，赛道级强度，120节
春风 675SR-R 2024,链条牙盘,DID 日本大同,ZVM-X 520 链条（顶级）,需专业截链器安装，需匹配牙盘齿数,850,DID链条官网,https://www.didchain.com/collections/didchains,http://cdn.shopify.com/s/files/1/0614/8253/3026/products/520VX3_Steel_P.jpg?crop=center&height=1200&v=1751289083&width=1200,DID ZVM-X顶级链条，X-ring油封，超低摩擦，超高强度，MotoGP技术下放，120节
春风 675SR-R 2024,链条牙盘,DID 日本大同,前后牙盘套装,需匹配原厂安装位，专业工具安装,850,DID链条官网,https://www.didchain.com/collections/didchains,http://cdn.shopify.com/s/files/1/0614/8253/3026/products/520VX3_Steel_P.jpg?crop=center&height=1200&v=1751289083&width=1200,DID前后牙盘套装，钢制后牙盘+铝合金前小飞，轻量化，传动效率高，多种齿数可选
春风 675SR-R 2024,链条牙盘,RK 日本,GXW 520 油封链条,需专业截链器安装，需匹配牙盘齿数,350,RK Excel官网,https://www.rkexcel.com,https://img.alicdn.com/imgextra/i2/2604508095/O1CN01pRZkvA29fZ0g2T2DY_!!2604508095.png,日本RK 520GXW油封链条，X-ring油封，低摩擦长寿命，多种颜色可选，120节
春风 675SR-R 2024,链条牙盘,RK 日本,ZVX 520 链条（X-ring）,需专业截链器安装，需匹配牙盘齿数,500,RK Excel官网,https://www.rkexcel.com,https://img.alicdn.com/i2/1690613588/O1CN018TDOMh1cNLn1f5mz7_!!1690613588.png,RK ZVX系列X-ring链条，顶级强度，超低摩擦，赛道级性能，多种颜色，120节
春风 675SR-R 2024,链条牙盘,RK 日本,轻量化后牙盘,需匹配原厂安装位，专业工具安装,250,RK Excel官网,https://www.rkexcel.com,https://img.alicdn.com/i1/114505056/O1CN01DE7UmP1nDhL0QRb7t_!!114505056.jpg,RK轻量化钢制后牙盘，热处理工艺，强度高耐磨，多种齿数可选，提升加速
春风 675SR-R 2024,链条牙盘,EK 日本,SRX2 520 油封链条,需专业截链器安装，需匹配牙盘齿数,475,EK Chain官网,https://www.ekchain.com,https://img.alicdn.com/bao/uploaded/i3/1690613588/O1CN01sKXveV1cNLwjQoAKm_!!1690613588.jpg,日本EK SRX2系列油封链条，Q-ring油封，低摩擦长寿命，性价比高，120节
春风 675SR-R 2024,链条牙盘,EK 日本,MVXZ 520 链条,需专业截链器安装，需匹配牙盘齿数,725,EK Chain官网,https://www.ekchain.com,https://img.alicdn.com/bao/uploaded/i2/1594581565/O1CN01eGdyi51NQoh3D1dkm_!!0-item_pic.jpg,EK MVXZ系列X-ring链条，高强度低摩擦，赛道级性能，多种颜色可选，120节
春风 675SR-R 2024,链条牙盘,EK 日本,QX环链条,需专业截链器安装，需匹配牙盘齿数,400,EK Chain官网,https://www.ekchain.com,https://img.alicdn.com/imgextra/i1/114505056/O1CN011u8GpQ1nDhIptKlm0_!!0-item_pic.jpg,EK QX-ring油封链条，独特QX油封设计，低摩擦长寿命，入门级运动链条，120节
春风 675SR-R 2024,链条牙盘,征和,X圈油封链条 520,需专业截链器安装，需匹配牙盘齿数,225,天猫征和链条官方旗舰店,https://zhenghe.tmall.com,https://img.alicdn.com/imgextra/i2/2604508095/O1CN01pRZkvA29fZ0g2T2DY_!!2604508095.png,中国征和X圈油封链条，国产精品，X-ring油封，低摩擦长寿命，性价比极高，120节
春风 675SR-R 2024,链条牙盘,征和,加厚油封链条,需专业截链器安装，需匹配牙盘齿数,275,天猫征和链条官方旗舰店,https://zhenghe.tmall.com,https://img.alicdn.com/i2/1690613588/O1CN018TDOMh1cNLn1f5mz7_!!1690613588.png,征和加厚油封链条，加强型链板，更高强度，耐磨寿命长，适合大排量，120节
春风 675SR-R 2024,链条牙盘,征和,前后牙盘套装,需匹配原厂安装位，专业工具安装,350,天猫征和链条官方旗舰店,https://zhenghe.tmall.com,https://img.alicdn.com/i1/114505056/O1CN01DE7UmP1nDhL0QRb7t_!!114505056.jpg,征和前后牙盘套装，钢制后牙盘+前小飞，热处理工艺，耐磨强度高，多种齿数
春风 675SR-R 2024,链条牙盘,AFAM 西班牙,轻量化后牙盘（钢制）,需匹配原厂安装位，专业工具安装,475,AFAM西班牙官网,https://www.afam.it,https://img.alicdn.com/bao/uploaded/i3/1690613588/O1CN01sKXveV1cNLwjQoAKm_!!1690613588.jpg,西班牙AFAM轻量化钢制后牙盘，RLK系列，镂空设计减重，热处理耐磨，多种齿数
春风 675SR-R 2024,链条牙盘,AFAM 西班牙,前小飞轮,需匹配原厂输出轴，专业工具安装,150,AFAM西班牙官网,https://www.afam.it,https://img.alicdn.com/bao/uploaded/i2/1594581565/O1CN01eGdyi51NQoh3D1dkm_!!0-item_pic.jpg,AFAM前小飞轮，钢制热处理，耐磨强度高，多种齿数可选（13-16齿），提升加速
春风 675SR-R 2024,链条牙盘,AFAM 西班牙,链条牙盘套装,需专业截链器安装，需匹配牙盘齿数,725,AFAM西班牙官网,https://www.afam.it,https://img.alicdn.com/imgextra/i1/114505056/O1CN011u8GpQ1nDhIptKlm0_!!0-item_pic.jpg,AFAM链条牙盘套装，轻量化后牙盘+前小飞+DID/RK链条，全车传动升级，性价比高
